FCODE,Atl,Atoll_Name,Island_Name,Island_Dhivehi,Council_Name,Council_Type,Is_Capital,Area_Ha,Lat_DD,Lon_DD
LD0987,HA,Haa Alifu,Baarah,ބާރަށް,HA. Baarah Council,Island Council,N,249.955159,6.816661,73.208382
LD0568,HA,Haa Alifu,Dhidhdhoo,ދިއްދޫ,HA. Dhidhdhoo Council,Island Council,Y,96.542888,6.888109,73.110928
LD0993,HA,Haa Alifu,Filladhoo,ފިއްލަދޫ,HA. Filladhoo Council,Island Council,N,266.042832,6.893126,73.229072
LD0246,HA,Haa Alifu,Hoarafushi,ހުވަރަފުށި,HA. Hoarafushi Council,Island Council,N,69.022371,6.982665,72.894139
LD0908,HA,Haa Alifu,Ihavandhoo,އިހަވަންދޫ,HA. Ihavandhoo Council,Island Council,N,62.575702,6.952921,72.926223
LD0563,HA,Haa Alifu,Kelaa,ކެލާ,HA. Kelaa Council,Island Council,N,203.365844,6.953291,73.215825
LD0695,HA,Haa Alifu,Maarandhoo,މާރަންދޫ,HA. Maarandhoo Council,Island Council,N,44.588624,6.852444,72.984325
LD0901,HA,Haa Alifu,Molhadhoo,މުޅަދޫ,HA. Molhadhoo Council,Island Council,N,119.087738,7.013872,72.997378
LD0701,HA,Haa Alifu,Muraidhoo,މުރައިދޫ,HA. Muraidhoo Council,Island Council,N,47.503676,6.837921,73.167309
LD0984,HA,Haa Alifu,Thakandhoo,ތަކަންދޫ,HA. Thakandhoo Council,Island Council,N,41.343205,6.844230,72.995625
LD0915,HA,Haa Alifu,Thuraakunu,ތުރާކުނު,HA. Thuraakunu Council,Island Council,N,26.204154,7.104183,72.899143
LD0488,HA,Haa Alifu,Uligan,އުލިގަމު,HA. Uligan Council,Island Council,N,106.727102,7.082924,72.926389
LD0507,HA,Haa Alifu,Utheemu,އުތީމު,HA. Utheemu Council,Island Council,N,49.983419,6.834655,73.112609
LD0232,HA,Haa Alifu,Vashafaru,ވަށަފަރު,HA. Vashafaru Council,Island Council,N,35.611409,6.897604,73.159751
LD0441,HDh,Haa Dhaalu,Finey,ފިނޭ,HDh. Finey Council,Island Council,N,117.528869,6.745941,73.053389
LD0235,HDh,Haa Dhaalu,Hanimaadhoo,ހަނިމާދޫ,HDh. Hanimaadhoo Council,Island Council,N,304.395856,6.753921,73.169658
LD0048,HDh,Haa Dhaalu,Kulhudhuffushi,ކުޅުދުއްފުށި,Kulhudhuffushi City Council,City Council,Y,252.112262,6.623226,73.068889
LD0541,HDh,Haa Dhaalu,Kumundhoo,ކުމުންދޫ,HDh. Kumundhoo Council,Island Council,N,190.453373,6.571650,73.052022
LD0852,HDh,Haa Dhaalu,Kurinbee,ކުރިންބީ,HDh. Kurinbee Council,Island Council,N,40.992754,6.665551,72.996637
LD0699,HDh,Haa Dhaalu,Makunudhoo,މަކުނުދޫ,HDh. Makunudhoo Council,Island Council,N,80.716405,6.409385,72.705088
LD0710,HDh,Haa Dhaalu,Naivaadhoo,ނައިވާދޫ,HDh. Naivaadhoo Council,Island Council,N,30.9304,6.746958,72.934872
LD0698,HDh,Haa Dhaalu,Nellaidhoo,ނެއްލައިދޫ,HDh. Nellaidhoo Council,Island Council,N,32.412109,6.714879,72.946978
LD0686,HDh,Haa Dhaalu,Neykurendhoo,ނޭކުރެންދޫ,HDh. Neykurendhoo Council,Island Council,N,171.698005,6.543044,72.979783
LD0658,HDh,Haa Dhaalu,Nolhivaran,ނޮޅިވަރަމު,HDh. Nolhivaran Council,Island Council,N,206.27283,6.662412,73.082374
LD0416,HDh,Haa Dhaalu,Nolhivaranfaru,ނޮޅިވަރަންފަރު,HDh. Nolhivaranfaru Council,Island Council,N,173.732704,6.695288,73.118532
LD0406,HDh,Haa Dhaalu,Vaikaradhoo,ވައިކަރަދޫ,HDh. Vaikaradhoo Council,Island Council,N,107.450662,6.549800,72.953121
LD1064,Sh,Shaviyani,Bileiyfahi,ބިލެތްފަހި,Sh. Bileiyfahi Council,Island Council,N,66.519896,6.337832,72.973971
LD1149,Sh,Shaviyani,Feevah,ފީވަށް,Sh. Feevah Council,Island Council,N,87.56318,6.348898,73.209358
LD1100,Sh,Shaviyani,Feydhoo,ފޭދޫ,Sh. Feydhoo Council,Island Council,N,90.27882,6.360553,73.048849
LD0646,Sh,Shaviyani,Foakaidhoo,ފޯކައިދޫ,Sh. Foakaidhoo Council,Island Council,N,67.814448,6.326699,73.149340
LD0863,Sh,Shaviyani,Funadhoo,ފުނަދޫ,Sh. Funadhoo Council,Island Council,Y,122.498119,6.153253,73.289853
LD0836,Sh,Shaviyani,Goidhoo,ގޮއިދޫ,Sh. Goidhoo Council,Island Council,N,100.616365,6.430089,72.929723
LD1092,Sh,Shaviyani,Kanditheemu,ކަނޑިތީމު,Sh. Kanditheemu Council,Island Council,N,89.304283,6.440537,72.916081
LD1058,Sh,Shaviyani,Komandoo,ކޮމަންޑޫ,Sh. Komandoo Council,Island Council,N,22.158796,6.054214,73.054251
LD0978,Sh,Shaviyani,Lhaimagu,ޅައިމަގު,Sh. Lhaimagu Council,Island Council,N,44.168911,6.164013,73.251478
LD0016,Sh,Shaviyani,Maaungoodhoo,މާއުނގޫދޫ,Sh. Maaungoodhoo Council,Island Council,N,29.4141,6.036706,73.283793
LD1144,Sh,Shaviyani,Maroshi,މަރޮށި,Sh. Maroshi Council,Island Council,N,30.868095,6.209665,73.061391
LD0525,Sh,Shaviyani,Milandhoo,މިލަންދޫ,Sh. Milandhoo Council,Island Council,N,133.488627,6.286495,73.244507
LD0551,Sh,Shaviyani,Narudhoo,ނަރުދޫ,Sh. Narudhoo Council,Island Council,N,42.745624,6.264327,73.218156
LD0985,Sh,Shaviyani,Noomaraa,ނޫމަރާ,Sh. Noomaraa Council,Island Council,N,39.212995,6.434224,73.069072
LD0332,N,Noonu,Fodhdhoo,ފޮއްދޫ,N. Fodhdhoo Council,Island Council,N,26.177042,5.743801,73.215951
LD0962,N,Noonu,Henbadhoo,ހެންބަދޫ,N. Henbadhoo Council,Island Council,N,13.83568,5.967548,73.392884
LD0455,N,Noonu,Holhudhoo,ހޮޅުދޫ,N. Holhudhoo Council,Island Council,N,50.492919,5.753088,73.255499
LD0866,N,Noonu,Kendhikulhudhoo,ކެންދިކުޅުދޫ,N. Kendhikulhudhoo Council,Island Council,N,209.086502,5.952517,73.415474
LD0391,N,Noonu,Kudafari,ކުޑަފަރި,N. Kudafari Council,Island Council,N,29.192882,5.882829,73.400418
LD0191,N,Noonu,Landhoo,ލަންދޫ,N. Landhoo Council,Island Council,N,87.209419,5.881804,73.466154
LD0500,N,Noonu,Lhohi,ޅޮހި,N. Lhohi Council,Island Council,N,40.562579,5.816037,73.377631
LD0560,N,Noonu,Maafaru,މާފަރު,N. Maafaru Council,Island Council,N,133.869772,5.824624,73.471528
LD0203,N,Noonu,Maalhendhoo,މާޅެންދޫ,N. Maalhendhoo Council,Island Council,N,46.960848,5.902359,73.456092
LD0907,N,Noonu,Magoodhoo,މަގޫދޫ,N. Magoodhoo Council,Island Council,N,36.953845,5.776427,73.362463
LD0392,N,Noonu,Manadhoo,މަނަދޫ,N. Manadhoo Council,Island Council,Y,110.901565,5.765992,73.410862
LD1068,N,Noonu,Miladhoo,މިލަދޫ,N. Miladhoo Council,Island Council,N,22.37376,5.790487,73.362599
LD0497,N,Noonu,Velidhoo,ވެލިދޫ,N. Velidhoo Council,Island Council,N,62.235479,5.664426,73.273437
LD0588,R,Raa,Alifushi,އަލިފުށި,R. Alifushi Council,Island Council,N,60.57001,5.967268,72.953201
LD0281,R,Raa,Angolhitheemu,އަނގޮޅިތީމު,R. Angolhitheemu Council,Island Council,N,39.839134,5.792897,73.006649
LD0790,R,Raa,Dhuvaafaru,ދުވާފަރު,R. Dhuvaafaru Council,Island Council,N,54.651127,5.629247,73.041401
LD0924,R,Raa,Fainu,ފައިނު,R. Fainu Council,Island Council,N,61.795385,5.463455,73.034582
LD0600,R,Raa,Hulhudhuffaaru,ހުޅުދުއްފާރު,R. Hulhudhuffaaru Council,Island Council,N,60.816466,5.765496,73.012130
LD1121,R,Raa,Inguraidhoo,އިނގުރައިދޫ,R. Inguraidhoo Council,Island Council,N,47.104442,5.476994,73.036716
LD0564,R,Raa,Innamaadhoo,އިންނަމާދޫ,R. Innamaadhoo Council,Island Council,N,37.175115,5.549387,73.044249
LD0194,R,Raa,Kinolhas,ކިނޮޅަސް,R. Kinolhas Council,Island Council,N,56.228136,5.448449,73.030050
LD0180,R,Raa,Maakurathu,މާކުރަތު,R. Maakurathu Council,Island Council,N,53.137713,5.606169,73.043719
LD0573,R,Raa,Maduvvari,މަޑުއްވަރި,R. Maduvvari Council,Island Council,N,22.728042,5.486328,72.895989
LD0605,R,Raa,Meedhoo,މީދޫ,R. Meedhoo Council,Island Council,N,36.243457,5.458150,72.955271
LD0178,R,Raa,Rasgetheemu,ރަސްގެތީމު,R. Rasgetheemu Council,Island Council,N,39.207399,5.807699,73.002954
LD0423,R,Raa,Rasmaadhoo,ރަސްމާދޫ,R. Rasmaadhoo Council,Island Council,N,26.684992,5.563069,73.043699
LD1175,R,Raa,Ungoofaaru,އުނގޫފާރު,R. Ungoofaaru Council,Island Council,Y,36.149593,5.668287,73.029744
LD0609,R,Raa,Vaadhoo,ވާދޫ,R. Vaadhoo Council,Island Council,N,38.165617,5.856224,72.991070
LD0844,B,Baa,Dharavandhoo,ދަރަވަންދޫ,B. Dharavandhoo Council,Island Council,N,67.384564,5.157033,73.130709
LD0348,B,Baa,Dhonfanu,ދޮންފަނު,B. Dhonfanu Council,Island Council,N,17.30447,5.187979,73.122931
LD0204,B,Baa,Eydhafushi,އޭދަފުށި,B. Eydhafushi Council,Island Council,Y,56.347201,5.102656,73.070774
LD0520,B,Baa,Fehendhoo,ފެހެންދޫ,B. Fehendhoo Council,Island Council,N,25.167163,4.881774,72.968754
LD0044,B,Baa,Fulhadhoo,ފުޅަދޫ,B. Fulhadhoo Council,Island Council,N,29.271955,4.884713,72.932465
LD0931,B,Baa,Goidhoo,ގޮއިދޫ,B. Goidhoo Council,Island Council,N,162.944662,4.872079,72.999556
LD1000,B,Baa,Hithaadhoo,ހިތާދޫ,B. Hithaadhoo Council,Island Council,N,31.740218,5.007406,72.922859
LD0518,B,Baa,Kamadhoo,ކަމަދޫ,B. Kamadhoo Council,Island Council,N,21.348633,5.282034,73.136981
LD0668,B,Baa,Kendhoo,ކެންދޫ,B. Kendhoo Council,Island Council,N,19.015349,5.275394,73.009979
LD0363,B,Baa,Kihaadhoo,ކިހާދޫ,B. Kihaadhoo Council,Island Council,N,30.772466,5.215188,73.125099
LD0059,B,Baa,Kudarikilu,ކުދަރިކިލު,B. Kudarikilu Council,Island Council,N,18.92569,5.300419,73.070832
LD0637,B,Baa,Maalhos,މާޅޮސް,B. Maalhos Council,Island Council,N,25.737584,5.134688,73.108156
LD0677,B,Baa,Thulhaadhoo,ތުޅާދޫ,B. Thulhaadhoo Council,Island Council,N,45.801303,5.021917,72.841120
LD0340,Lh,Lhaviyani,Hinnavaru,ހިންނަވަރު,Lh. Hinnavaru Council,Island Council,N,54.066987,5.492483,73.411424
LD0510,Lh,Lhaviyani,Kurendhoo,ކުރެންދޫ,Lh. Kurendhoo Council,Island Council,N,22.788812,5.334031,73.463465
LD0020,Lh,Lhaviyani,Naifaru,ނައިފަރު,Lh. Naifaru Council,Island Council,Y,58.292494,5.444843,73.365303
LD0517,Lh,Lhaviyani,Olhuvelifushi,އޮޅުވެލިފުށި,Lh. Olhuvelifushi Council,Island Council,N,28.801563,5.278463,73.606816
LD0894,K,Kaafu,Dhiffushi,ދިއްފުށި,K. Dhiffushi Council,Island Council,N,27.057046,4.441906,73.714327
LD0873,K,Kaafu,Gaafaru,ގާފަރު,K. Gaafaru Council,Island Council,N,19.474938,4.736182,73.499606
LD0577,K,Kaafu,Gulhi,ގުޅި,K. Gulhi Council,Island Council,N,11.283389,3.990893,73.508919
LD0738,K,Kaafu,Guraidhoo,ގުރައިދޫ,K. Guraidhoo Council,Island Council,N,22.48401,3.900706,73.468096
LD1129,K,Kaafu,Himmafushi,ހިންމަފުށި,K. Himmafushi Council,Island Council,N,66.19051,4.308255,73.571145
LD0591,K,Kaafu,Hulhumale',ހުޅުމާލެ,Male' City Council,City Council,N,418.670605,4.222071,73.542463
LD0683,K,Kaafu,Huraa,ހުރާ,K. Huraa Council,Island Council,N,52.614556,4.333583,73.601549
LD0665,K,Kaafu,Kaashidhoo,ކާށިދޫ,K. Kaashidhoo Council,Island Council,N,282.710945,4.956371,73.460388
LD0069,K,Kaafu,Maafushi,މާފުށި,K. Maafushi Council,Island Council,N,41.598098,3.941089,73.489620
LD0442,K,Kaafu,Male',މާލެ,Male' City Council,City Council,Y,208.033729,4.174446,73.509700
LD0745,K,Kaafu,Thulusdhoo,ތުލުސްދޫ,K. Thulusdhoo Council,Island Council,Y,77.132774,4.373144,73.647742
LD0268,K,Kaafu,Vilin'gili,ވިލިނގިލި,Male' City Council,City Council,N,32.913695,4.173395,73.485279
LD0474,AA,Alifu Alifu,Bodufolhudhoo,ބޮޑުފޮޅުދޫ,AA. Bodufolhudhoo Council,Island Council,N,12.492676,4.185741,72.773469
LD0287,AA,Alifu Alifu,Feridhoo,ފެރިދޫ,AA. Feridhoo Council,Island Council,N,45.079816,4.051066,72.725569
LD0874,AA,Alifu Alifu,Himandhoo,ހިމަންދޫ,AA. Himandhoo Council,Island Council,N,20.958977,3.921069,72.744234
LD0004,AA,Alifu Alifu,Maalhos,މާޅޮސް,AA. Maalhos Council,Island Council,N,32.453251,3.986405,72.719227
LD0132,AA,Alifu Alifu,Mathiveri,މަތިވެރި,AA. Mathiveri Council,Island Council,N,23.064295,4.191960,72.746108
LD0257,AA,Alifu Alifu,Rasdhoo,ރަސްދޫ,AA. Rasdhoo Council,Island Council,Y,21.825808,4.263125,72.991681
LD0501,AA,Alifu Alifu,Thoddoo,ތޮއްޑޫ,AA. Thoddoo Council,Island Council,N,162.847076,4.437064,72.959360
LD0916,AA,Alifu Alifu,Ukulhas,އުކުޅަސް,AA. Ukulhas Council,Island Council,N,23.749664,4.214916,72.864141
LD0273,ADh,Alifu Dhaalu,Dhangethi,ދަނގެތި,ADh. Dhangethi Council,Island Council,N,30.166662,3.607647,72.956038
LD1047,ADh,Alifu Dhaalu,Dhigurah,ދިގުރަށް,ADh. Dhigurah Council,Island Council,N,55.048316,3.527893,72.923860
LD0459,ADh,Alifu Dhaalu,Dhidhdhoo,ދިއްދޫ,ADh. Dhidhdhoo Council,Island Council,N,20.305146,3.484571,72.878610
LD0513,ADh,Alifu Dhaalu,Fenfushi,ފެންފުށި,ADh. Fenfushi Council,Island Council,N,25.640855,3.489172,72.782986
LD1023,ADh,Alifu Dhaalu,Hangnaameedhoo,ހަންގްޏާމީދޫ,ADh. Hangnaameedhoo Council,Island Council,N,20.310461,3.849286,72.955337
LD0771,ADh,Alifu Dhaalu,Kunburudhoo,ކުންބުރުދޫ,ADh. Kunburudhoo Council,Island Council,N,6.507178,3.775472,72.924721
LD0158,ADh,Alifu Dhaalu,Maamigili,މާމިނގިލި,ADh. Maamigili Council,Island Council,N,220.80777,3.474846,72.833061
LD0545,ADh,Alifu Dhaalu,Mahibadhoo,މަހިބަދޫ,ADh. Mahibadhoo Council,Island Council,Y,23.598404,3.757158,72.968918
LD0168,ADh,Alifu Dhaalu,Mandhoo,މަންދޫ,ADh. Mandhoo Council,Island Council,N,38.501574,3.697860,72.709786
LD0009,ADh,Alifu Dhaalu,Omadhoo,އޮމަދޫ,ADh. Omadhoo Council,Island Council,N,22.822959,3.791618,72.962065
LD0075,V,Vaavu,Felidhoo,ފެލިދޫ,V. Felidhoo Council,Island Council,Y,15.75044,3.471967,73.547076
LD0182,V,Vaavu,Fulidhoo,ފުލިދޫ,V. Fulidhoo Council,Island Council,N,11.910502,3.680433,73.415670
LD0260,V,Vaavu,Keyodhoo,ކެޔޮދޫ,V. Keyodhoo Council,Island Council,N,11.821327,3.462109,73.550092
LD0420,V,Vaavu,Rakeedhoo,ރަކީދޫ,V. Rakeedhoo Council,Island Council,N,6.417948,3.314903,73.469727
LD1079,V,Vaavu,Thinadhoo,ތިނަދޫ,V. Thinadhoo Council,Island Council,N,12.490236,3.487716,73.538300
LD0179,M,Meemu,Dhiggaru,ދިއްގަރު,M. Dhiggaru Council,Island Council,N,14.454305,3.111887,73.565232
LD0061,M,Meemu,Kolhufushi,ކޮޅުފުށި,M. Kolhufushi Council,Island Council,N,64.590007,2.776974,73.424314
LD1166,M,Meemu,Maduvvari,މަޑުއްވަރި,M. Maduvvari Council,Island Council,N,12.121939,3.104866,73.573081
LD0531,M,Meemu,Mulah,މުލައް,M. Mulah Council,Island Council,N,68.333346,2.946601,73.584396
LD0446,M,Meemu,Muli,މުލި,M. Muli Council,Island Council,Y,77.26488,2.918047,73.581086
LD0793,M,Meemu,Naalaafushi,ނާލާފުށި,M. Naalaafushi Council,Island Council,N,12.945342,2.895363,73.577423
LD0786,M,Meemu,Raiymandhoo,ރައިމަންދޫ,M. Raiymandhoo Council,Island Council,N,28.387081,3.089409,73.639112
LD1167,M,Meemu,Veyvah,ވޭވަށް,M. Veyvah Council,Island Council,N,42.069185,2.956284,73.599881
LD0606,F,Faafu,Bileiydhoo,ބިލެތްދޫ,F. Bileiydhoo Council,Island Council,N,31.589802,3.118372,72.983999
LD0970,F,Faafu,Dharanboodhoo,ދަރަންބޫދޫ,F. Dharanboodhoo Council,Island Council,N,40.079694,3.062959,72.925724
LD0008,F,Faafu,Feeali,ފީއަލި,F. Feeali Council,Island Council,N,17.678783,3.269969,73.001745
LD0085,F,Faafu,Magoodhoo,މަގޫދޫ,F. Magoodhoo Council,Island Council,N,24.594867,3.079179,72.963653
LD1158,F,Faafu,Nilandhoo,ނިލަންދޫ,F. Nilandhoo Council,Island Council,Y,74.796714,3.057122,72.888814
LD0066,Dh,Dhaalu,Bandidhoo,ބަނޑިދޫ,Dh. Bandidhoo Council,Island Council,N,24.99915,2.936727,72.990241
LD0662,Dh,Dhaalu,Hulhudheli,ހުޅުދެލި,Dh. Hulhudheli Council,Island Council,N,21.534249,2.858441,72.846504
LD0499,Dh,Dhaalu,Kudahuvadhoo,ކުޑަހުވަދޫ,Dh. Kudahuvadhoo Council,Island Council,Y,165.579649,2.670137,72.888856
LD0209,Dh,Dhaalu,Maaenboodoo,މާއެނބޫދޫ,Dh. Maaenboodoo Council,Island Council,N,24.033801,2.695763,72.963418
LD1050,Dh,Dhaalu,Meedhoo,މީދޫ,Dh. Meedhoo Council,Island Council,N,32.553442,2.998036,73.007279
LD0334,Dh,Dhaalu,Rinbudhoo,ރިނބުދޫ,Dh. Rinbudhoo Council,Island Council,N,17.29024,2.924517,72.895409
LD0254,Th,Thaa,Buruni,ބުރުނީ,Th. Buruni Council,Island Council,N,34.08479,2.558849,73.106520
LD0200,Th,Thaa,Dhiyamigili,ދިޔަމިގިލި,Th. Dhiyamigili Council,Island Council,N,29.337474,2.339940,73.336800
LD0427,Th,Thaa,Gaadhiffushi,ގާދިއްފުށި,Th. Gaadhiffushi Council,Island Council,N,14.144367,2.252677,73.212525
LD1163,Th,Thaa,Guraidhoo,ގުރައިދޫ,Th. Guraidhoo Council,Island Council,N,76.475535,2.322582,73.317575
LD0350,Th,Thaa,Hirilandhoo,ހިރިލަންދޫ,Th. Hirilandhoo Council,Island Council,N,30.088315,2.270395,72.932149
LD0504,Th,Thaa,Kandoodhoo,ކަނޑޫދޫ,Th. Kandoodhoo Council,Island Council,N,81.829777,2.321263,72.916657
LD0422,Th,Thaa,Kinbidhoo,ކިންބިދޫ,Th. Kinbidhoo Council,Island Council,N,38.175104,2.168263,73.066069
LD0627,Th,Thaa,Madifushi,މަޑިފުށި,Th. Madifushi Council,Island Council,N,53.581209,2.356801,73.354697
LD0783,Th,Thaa,Omadhoo,އޮމަދޫ,Th. Omadhoo Council,Island Council,N,36.961553,2.167578,73.023611
LD0082,Th,Thaa,Thimarafushi,ތިމަރަފުށި,Th. Thimarafushi Council,Island Council,N,99.989305,2.209286,73.148547
LD0859,Th,Thaa,Vandhoo,ވަންދޫ,Th. Vandhoo Council,Island Council,N,25.906479,2.291710,72.941936
LD0694,Th,Thaa,Veymandoo,ވޭމަންޑޫ,Th. Veymandoo Council,Island Council,Y,44.64553,2.187172,73.094962
LD0205,Th,Thaa,Vilufushi,ވިލުފުށި,Th. Vilufushi Council,Island Council,N,60.201656,2.503166,73.308248
LD1049,L,Laamu,Dhanbidhoo,ދަންބިދޫ,L. Dhanbidhoo Council,Island Council,N,53.918371,2.094211,73.544703
LD1038,L,Laamu,Fonadhoo,ފޮނަދޫ,L. Fonadhoo Council,Island Council,Y,171.614648,1.834343,73.500068
LD0152,L,Laamu,Gan,ގަން,L. Gan Council,Island Council,N,608.668247,1.914256,73.540917
LD0265,L,Laamu,Hithadhoo,ހިތަދޫ,L. Hithadhoo Council,Island Council,N,105.289815,1.796829,73.388259
LD1070,L,Laamu,Isdhoo,އިސްދޫ,L. Isdhoo Council,Island Council,N,147.063796,2.124312,73.577010
LD1473,L,Laamu,Kalaidhoo,ކަލައިދޫ,L. Kalaidhoo Council,Island Council,N,213.439932,2.114229,73.560517
LD0323,L,Laamu,Kunahandhoo,ކުނަހަންދޫ,L. Kunahandhoo Council,Island Council,N,92.2612,1.783400,73.368207
LD1053,L,Laamu,Maabaidhoo,މާބައިދޫ,L. Maabaidhoo Council,Island Council,N,52.80499,2.029341,73.532618
LD0484,L,Laamu,Maamendhoo,މާމެންދޫ,L. Maamendhoo Council,Island Council,N,22.36208,1.817884,73.389718
LD0938,L,Laamu,Maavah,މާވަށް,L. Maavah Council,Island Council,N,39.891946,1.885495,73.243179
LD0102,L,Laamu,Mundoo,މުންޑޫ,L. Mundoo Council,Island Council,N,24.176301,2.011848,73.533897
LD0766,GA,Gaafu Alifu,Dhaandhoo,ދާންދޫ,GA. Dhaandhoo Council,Island Council,N,31.558554,0.620824,73.461127
LD0412,GA,Gaafu Alifu,Dhevvadhoo,ދެއްވަދޫ,GA. Dhevvadhoo Council,Island Council,N,23.213563,0.556948,73.242132
LD1182,GA,Gaafu Alifu,Gemanafushi,ގެމަނަފުށި,GA. Gemanafushi Council,Island Council,N,56.791277,0.442445,73.568265
LD0856,GA,Gaafu Alifu,Kanduhulhuhdoo,ކަނޑުހުޅުދޫ,GA. Kanduhulhuhdoo Council,Island Council,N,32.324874,0.351318,73.539722
LD0743,GA,Gaafu Alifu,Kolamaafushi,ކޮލަމާފުށި,GA. Kolamaafushi Council,Island Council,N,35.300191,0.837521,73.184729
LD0435,GA,Gaafu Alifu,Kondey,ކޮނޑޭ,GA. Kondey Council,Island Council,N,119.261418,0.499255,73.548777
LD1085,GA,Gaafu Alifu,Maamendhoo,މާމެންދޫ,GA. Maamendhoo Council,Island Council,N,51.913822,0.713824,73.438930
LD1091,GA,Gaafu Alifu,Nilandhoo,ނިލަންދޫ,GA. Nilandhoo Council,Island Council,N,61.258407,0.636395,73.446273
LD0247,GA,Gaafu Alifu,Vilingili,ވިލިނގިލި,GA. Vilingili Council,Island Council,Y,111.188844,0.756344,73.434852
LD0572,GDh,Gaafu Dhaalu,Faresmaathodaa,ފަރެސްމާތޮޑާ,GDh. Faresmaathodaa Council,Island Council,N,48.711192,0.199508,73.187191
LD0470,GDh,Gaafu Dhaalu,Fiyoaree,ފިޔޯރީ,GDh. Fiyoaree Council,Island Council,N,80.7816,0.221394,73.136558
LD0887,GDh,Gaafu Dhaalu,Gadhdhoo,ގައްދޫ,GDh. Gadhdhoo Council,Island Council,N,58.664974,0.290177,73.457958
LD0851,GDh,Gaafu Dhaalu,Hoadedhdhoo,ހޯނޑެއްދޫ,GDh. Hoadedhdhoo Council,Island Council,N,110.8848,0.444540,73.004314
LD0557,GDh,Gaafu Dhaalu,Madaveli,މަޑަވެލި,GDh. Madaveli Council,Island Council,N,46.891993,0.458818,72.998927
LD0181,GDh,Gaafu Dhaalu,Nadella,ނަޑެއްލާ,GDh. Nadella Council,Island Council,N,45.587479,0.293544,73.040797
LD0630,GDh,Gaafu Dhaalu,Rathafandhoo,ރަތަފަންދޫ,GDh. Rathafandhoo Council,Island Council,N,40.968734,0.252744,73.104736
LD0717,GDh,Gaafu Dhaalu,Thinadhoo,ތިނަދޫ,Thinadhoo City Council,City Council,Y,184.792144,0.532435,72.998431
LD0195,GDh,Gaafu Dhaalu,Vaadhoo,ވާދޫ,GDh. Vaadhoo Council,Island Council,N,193.73424,0.227326,73.273697
LD0726,GN,Gnaviyani,Fuvahmulah,ފުވައްމުލައް,Fuvammulah City Council,City Council,Y,495.047469,-0.295089,73.425148
LD0947,S,Seenu,Feydhoo,ފޭދޫ,Addu City Council,City Council,N,122.343602,-0.682721,73.134873
LD1004,S,Seenu,Hithadhoo,ހިތަދޫ,Addu City Council,City Council,Y,551.277866,-0.612132,73.091756
LD0299,S,Seenu,Hulhudhoo,ހުޅުދޫ,S. Addu Hulhudhoo Council,Island Council,N,146.973945,-0.597396,73.227894
LD0288,S,Seenu,Maradhoo,މަރަދޫ,Addu City Council,City Council,N,60.138127,-0.665216,73.118934
LD0081,S,Seenu,Maradhoofeydhoo,މަރަދޫފޭދޫ,Addu City Council,City Council,N,34.273361,-0.673527,73.125795
LD0272,S,Seenu,Meedhoo,މީދޫ,S. Addu Meedhoo Council,Island Council,N,189.618982,-0.584556,73.230113
