Atl,Island,Island_Clean,Category,Area_Ha,Map_Ref,Lat,Lon,Island_Dhivehi,Atl_Dhivehi
K,Aarah (U),Aarah,U,5.8,10.C7,"4°13'48""N","73°29'40""E",އާރަށް,ކ
R,Aarah (U),Aarah,U,10.8,6.D7,"5°26'49""N","72°56'28""E",އާރަށް,ރ
V,Aarah (U) [IND],Aarah,"U, IND",3.0,14.D4,"3°29'57""N","73°31'45""E",އާރަށް,ވ
L,Aarahaa (U),Aarahaa,U,<3.0,19.A6,"1°49'44""N","73°16'28""E",އާރަހާ,ލ
S,Aboohuraa (U),Aboohuraa,U,17.3,22.B6,"0°38'31""S","73°06'16""E",އަބޫހުރާ,ސ
F,Adhangau (U),Adhangau,U,<3.0,16.E5,"3°08'20""N","73°00'30""E",އަދަންގައު,ފ
B,Ahivaffushi (U),Ahivaffushi,U,<3.0,7.B3,"5°13'42""N","72°51'25""E",އަހިވައްފުށި,ބ
B,Aidhoo (U),Aidhoo,U,3.1,7.F3,"5°11'13""N","73°09'48""E",އައިދޫ,ބ
K,Akirifushi (U),Akirifushi,U,<3.0,10.B2,"4°38'15""N","73°24'02""E",އަގިރިފުށި,ކ
HA,Alidhoo (R),Alidhoo,R,17.2,1.E5,"6°50'55""N","73°09'07""E",އަލިދޫ,ހއ
HA,Alidhuffarufinolhu (U),Alidhuffarufinolhu,U,<3.0,1.D5,"6°51'39""N","73°06'16""E",އަލިދޫއްފަރުފިނޮޅު,ހއ
R,Alifushi (I),Alifushi,I,58.8,6.D1,"5°58'02""N","72°57'12""E",އަލިފުށި,ރ
Lh,Aligau (U),Aligau,U,<3.0,8.D7,"5°14'38""N","73°30'59""E",އަލިގައު,ޅ
AA,Alikoirah (U),Alikoirah,U,3.6,12.D7,"3°56'36""N","72°52'49""E",އަލިކޮއިރަށް,އއ
V,Alimathaa (R),Alimathaa,R,6.9,14.C3,"3°35'37""N","73°29'52""E",އަލިމަތާ,ވ
Dh,Aluvifushi (U),Aluvifushi,U,<3.0,17.D3,"2°55'58""N","72°57'38""E",އަލުވިފުށި,ދ
V,Anbaraa (U),Anbaraa,U,<3.0,14.C6,"3°22'20""N","73°26'22""E",އަންބަރާ,ވ
ADh,Angaagau (R),Angaagau,R,4.4,13.C5,"3°39'09""N","72°49'18""E",އަންގާގައު,އދ
R,Angaagiri (U),Angaagiri,U,<3.0,6.D5,"5°33'22""N","72°56'44""E",އަންގާގިރި,ރ
R,An'golithitheemu (I),An'golithitheemu,I,39.3,6.D3,"5°47'33""N","73°00'23""E",އަނގޮޅިތީމު,ރ
B,Anhenunfushi (U),Anhenunfushi,U,20.1,7.C2,"5°20'31""N","72°58'07""E",އަންހެނުންފުށި,ބ
GA,Araigaththaa (U),Araigaththaa,U,4.8,20.F6,"0°27'07""N","73°32'06""E",އަރައިގައްތާ,ގއ
R,Arilundhoo (U),Arilundhoo,U,<3.0,6.D4,"5°39'36""N","72°57'27""E",އަރިލުންދޫ,ރ
ADh,Ariyadhoo (U) [IND],Ariyadhoo,"U, IND",29.1,13.D7,"3°28'30""N","72°51'17""E",އަރިޔަދޫ,އދ
K,Asdhoo (R),Asdhoo,R,3.6,10.E4,"4°27'58""N","73°39'40""E",އަސްދޫ,ކ
L,Athahendhu (U),Athahendhu,U,<3.0,19.A6,"1°49'40""N","73°16'23""E",އަތަހެންދޫ,ލ
ADh,Athurugau (R),Athurugau,R,3.1,13.C1,"3°53'13""N","72°48'58""E",އަތުރުގައު,އދ
Dh,Ayyakaloahuraa (U),Ayyakaloahuraa,U,5.3,17.E5,"2°47'38""N","73°01'32""E",އައްޔަކަލޯހުރާ,ދ
HA,Baarah (I),Baarah,I,256.7,1.F5,"6°48'58""N","73°12'31""E",ބާރަށް,ހއ
GA,Baavanadhoo (U),Baavanadhoo,U,5.8,20.F5,"0°31'17""N","73°32'23""E",ބާވަނަދޫ,ގއ
GA,Bakeththaa (U),Bakeththaa,U,<3.0,20.E7,"0°22'51""N","73°29'52""E",ބަކެއްތާ,ގއ
N,Ban'daidhidhdhoo (U),Ban'daidhidhdhoo,U,27.7,5.C7,"5°41'07""N","73°15'27""E",ބަނޑައިދިއްދޫ,ނ
R,Ban'daveri (U),Ban'daveri,U,<3.0,6.C5,"5°37'21""N","72°51'07""E",ބަނޑަވެރި,ރ
GDh,Ban'defodiyaa (U),Ban'defodiyaa,U,13.4,21.B6,"0°16'32""N","73°03'52""E",ބަނޑެފޮޑިޔާ,ގދ
Dh,Ban'didhoo (I),Ban'didhoo,I,24.6,17.E3,"2°56'11""N","72°59'25""E",ބަނޑިދޫ,ދ
L,Baresdhoo (U) [IND],Baresdhoo,"U, IND",72.4,19.E4,"1°58'04""N","73°32'23""E",ބަރެސްދޫ,ލ
K,Baros (R),Baros,R,4.5,10.B6,"4°17'05""N","73°25'38""E",ބަރޮސް,ކ
AA,Bathalaa (R),Bathalaa,R,3.1,12.E5,"4°04'13""N","72°56'43""E",ބަތަލާ,އއ
B,Bathalaa (U),Bathalaa,U,3.5,7.D1,"5°21'13""N","73°04'10""E",ބަތަލާ,ބ
GDh,Baulhagallaa (U),Baulhagallaa,U,6.8,21.C3,"0°29'41""N","73°10'20""E",ބައުލްހަގައްލާ,ގދ
S,Bedhey aurah (U),Bedhey aurah,U,<3.0,22.A5,"0°35'21""S","73°05'14""E",ބެދޭ އަވުރަށް,ސ
HA,Beenaafushi (U),Beenaafushi,U,3.1,1.E4,"6°55'42""N","73°08'11""E",ބީނާފުށި,ހއ
HA,Berinmadhoo (PR),Berinmadhoo,PR,15.4,1.C3,"7°02'50""N","72°58'16""E",ބެރިންމަދޫ,ހއ
GA,Beyrumauddoo (U),Beyrumauddoo,U,<3.0,20.B3,"0°47'41""N","73°13'30""E",ބޭރުމައުއްޑޫ,ގއ
GA,Bihurehaa (U),Bihurehaa,U,47.6,20.F6,"0°25'19""N","73°34'15""E",ބިހުރެހާ,ގއ
F,Bileiydhoo (I),Bileiydhoo,I,31.0,16.E5,"3°07'05""N","72°59'03""E",ބިލެތްދޫ,ފ
Sh,Bileiyfahi (I),Bileiyfahi,I,63.2,4.B3,"6°20'17""N","72°58'30""E",ބިލެތްފަހި,ށ
Sh,Bis alhaahuraa (U),Bis alhaahuraa,U,<3.0,4.F5,"6°09'18""N","73°17'33""E",ބިސްއަޅާހުރާ,ށ
K,Biyaadhoo (R),Biyaadhoo,R,10.2,11.D5,"3°55'19""N","73°27'23""E",ބިޔާދޫ,ކ
GA,Boadduvaa (U),Boadduvaa,U,<3.0,20.D3,"0°42'21""N","73°19'50""E",ބޯއްޑުވާ,ގއ
B,Boadhaafushi (U),Boadhaafushi,U,<3.0,7.B7,"4°52'55""N","72°53'44""E",ބޯދާފުށި,ބ
M,Boahuraa (U),Boahuraa,U,<3.0,15.E5,"2°55'33""N","73°35'08""E",ބޯހުރާ,މ
Lh,Boamandhipparu huraagan'du (U),Boamandhipparu huraagan'du,U,<3.0,8.D3,"5°29'50""N","73°30'38""E",ބޯމަންދިއްޕަރު ހުރާގަނޑު,ޅ
GA,Bodehuttaa (U),Bodehuttaa,U,<3.0,20.D2,"0°51'19""N","73°24'09""E",ބޮޑެހުއްޓާ,ގއ
GDh,Bodehuttaa (U),Bodehuttaa,U,<3.0,21.A5,"0°17'57""N","73°02'25""E",ބޮޑެހުއްޓާ,ގދ
L,Bodu mungnafushi (U),Bodu mungnafushi,U,<3.0,19.B4,"1°59'20""N","73°18'30""E",ބޮޑު މުންގްނަފުށި,ލ
K,Boduban'dos (R),Boduban'dos,R,19.6,10.C7,"4°16'10""N","73°29'29""E",ބޮޑުބަންޑޮސް,ކ
GA,Bodubon'deyyaa (U),Bodubon'deyyaa,U,8.3,20.F6,"0°24'35""N","73°34'03""E",ބޮޑުބޮނޑެއްޔާ,ގއ
R,Bodufarufinolhu (U),Bodufarufinolhu,U,3.8,6.B6,"5°31'47""N","72°48'17""E",ބޮޑުފަރުފިނޮޅު,ރ
R,Bodufen maaen'budhoo (U),Bodufen maaen'budhoo,U,<3.0,6.D4,"5°37'45""N","72°55'26""E",ބޮޑުފެން މާއެނބޫދޫ,ރ
L,Bodufenrahaa (U),Bodufenrahaa,U,3.1,19.A6,"1°49'39""N","73°16'16""E",ބޮޑުފެންރަހާ,ލ
L,Bodufinolhu (PR),Bodufinolhu,PR,4.6,19.E4,"1°56'42""N","73°32'25""E",ބޮޑުފިނޮޅު,ލ
K,Bodufinolhu (R),Bodufinolhu,R,10.8,11.D6,"3°51'27""N","73°27'23""E",ބޮޑުފިނޮޅު,ކ
ADh,Bodufinolhu (U),Bodufinolhu,U,<3.0,13.D7,"3°29'30""N","72°47'00""E",ބޮޑުފިނޮޅު,އދ
B,Bodufinolhu (U),Bodufinolhu,U,7.2,7.B5,"5°00'28""N","72°51'26""E",ބޮޑުފިނޮޅު,ބ
GA,Bodufinolhu (U),Bodufinolhu,U,<3.0,20.E2,"0°48'05""N","73°25'23""E",ބޮޑުފިނޮޅު,ގއ
L,Bodufinolhu (U),Bodufinolhu,U,<3.0,19.C3,"2°01'40""N","73°22'20""E",ބޮޑުފިނޮޅު,ލ
Lh,Bodufinolhu (U),Bodufinolhu,U,<3.0,8.E6,"5°16'12""N","73°34'15""E",ބޮޑުފިނޮޅު,ޅ
Th,Bodufinolhu (U),Bodufinolhu,U,3.8,18.F5,"2°18'56""N","73°18'19""E",ބޮޑުފިނޮޅު,ތ
AA,Bodufulhadhoo (I),Bodufulhadhoo,I,8.7,12.B4,"4°11'07""N","72°46'23""E",ބޮޑުފޮޅުދޫ,އއ
N,Bodufushi (U),Bodufushi,U,<3.0,5.E6,"5°41'55""N","73°24'41""E",ބޮޑުފުށި,ނ
R,Bodufushi (U),Bodufushi,U,12.3,6.D6,"5°30'27""N","72°58'07""E",ބޮޑުފުށި,ރ
Lh,Bodugaahuraa (U),Bodugaahuraa,U,<3.0,8.F5,"5°19'56""N","73°39'26""E",ބޮޑުގާހުރާ,ޅ
R,Boduhaiykodi (U),Boduhaiykodi,U,4.0,6.D5,"5°36'35""N","72°58'10""E",ބޮޑުހައިކޮޑި,ރ
S,Boduhajaraa (U),Boduhajaraa,U,<3.0,22.B7,"0°40'39""S","73°07'24""E",ބޮޑުހަޖަރާ,ސ
K,Boduhithi (R),Boduhithi,R,6.5,10.B5,"4°25'49""N","73°23'04""E",ބޮޑުހިތި,ކ
K,Boduhuraa (R),Boduhuraa,R,4.3,11.D5,"3°58'02""N","73°30'19""E",ބޮޑުހުރާ,ކ
L,Boduhuraa (U),Boduhuraa,U,26.3,19.B7,"1°48'02""N","73°17'40""E",ބޮޑުހުރާ,ލ
R,Boduhuraa (U),Boduhuraa,U,<3.0,6.E7,"5°25'05""N","73°01'18""E",ބޮޑުހުރާ,ރ
Sh,Boduhuraa (U),Boduhuraa,U,<3.0,4.C6,"6°04'18""N","73°02'37""E",ބޮޑުހުރާ,ށ
GA,Boduhuttaa (U),Boduhuttaa,U,6.7,20.F6,"0°24'44""N","73°34'18""E",ބޮޑުހުއްޓާ,ގއ
GDh,Boduhuttaa (U),Boduhuttaa,U,<3.0,21.C6,"0°11'40""N","73°13'07""E",ބޮޑުހުއްޓާ,ގދ
ADh,Bodukaashihuraa (U),Bodukaashihuraa,U,<3.0,13.E1,"3°52'33""N","72°57'17""E",ބޮޑުކާށިހުރާ,އދ
N,Bodulhaimendhoo (U),Bodulhaimendhoo,U,39.5,5.C2,"6°00'00""N","73°18'10""E",ބޮޑުޅައިމެންދޫ,ނ
L,Bodumaabulhali (U),Bodumaabulhali,U,5.2,19.A6,"1°50'57""N","73°15'20""E",ބޮޑުމާބުލްހަލި,ލ
L,Bodumahigulhi (U),Bodumahigulhi,U,<3.0,19.B7,"1°47'12""N","73°19'34""E",ބޮޑުމަހިގުޅި,ލ
V,Bodumohoraa (U),Bodumohoraa,U,6.0,14.C6,"3°20'35""N","73°31'16""E",ބޮޑުމޮހޮރާ,ވ
GDh,Bodurehaa (U),Bodurehaa,U,5.1,21.A4,"0°23'01""N","73°00'56""E",ބޮޑުރެހާ,ގދ
Th,Bodurehaa (U),Bodurehaa,U,<3.0,18.E6,"2°16'03""N","73°13'45""E",ބޮޑުރެހާ,ތ
B,Boifushi (U),Boifushi,U,<3.0,7.D2,"5°17'51""N","72°59'37""E",ބޮއިފުށި,ބ
L,Bokaiyfushi (U),Bokaiyfushi,U,11.0,19.E4,"1°59'55""N","73°32'05""E",ބޮކައިފުށި,ލ
K,Bolifushi (R),Bolifushi,R,<3.0,11.C2,"4°05'45""N","73°24'05""E",ބޮލިފުށި,ކ
Sh,Bolissafaru (U),Bolissafaru,U,3.1,4.D7,"5°58'51""N","73°06'39""E",ބޮލިއްސަފަރު,ށ
N,Bomasdhoo (U) [IND],Bomasdhoo,"U, IND",32.0,5.D2,"5°59'00""N","73°19'24""E",ބޮމަސްދޫ,ނ
Dh,Bulhalafushi (U),Bulhalafushi,U,<3.0,17.E5,"2°48'23""N","73°01'34""E",ބުޅަލަފުށި,ދ
ADh,Bulhalhohi (U),Bulhalhohi,U,4.1,13.B4,"3°44'20""N","72°43'54""E",ބުޅަލްހޮހި,އދ
N,Burehifasdhoo (U),Burehifasdhoo,U,38.4,5.D2,"5°57'55""N","73°22'05""E",ބުރެހިފަސްދޫ,ނ
L,Burrahaa (U),Burrahaa,U,<3.0,19.A6,"1°49'37""N","73°16'40""E",ބުރަހާ,ލ
Th,Burunee (I),Burunee,I,35.0,18.C2,"2°33'32""N","73°06'24""E",ބުރުނީ,ތ
GDh,Dekaanbaa (U),Dekaanbaa,U,<3.0,21.A5,"0°22'25""N","73°01'21""E",ދެކާންބާ,ގދ
GA,Dhaandhoo (I),Dhaandhoo,I,18.0,20.E4,"0°37'15""N","73°27'43""E",ދާންދޫ,ގއ
B,Dhakandhoo (U),Dhakandhoo,U,6.5,7.B3,"5°14'54""N","72°53'36""E",ދަކަންދޫ,ބ
L,Dhan'bidhoo (I),Dhan'bidhoo,I,56.2,19.E2,"2°05'40""N","73°32'42""E",ދަންބިދޫ,ލ
B,Dhandhoo (U),Dhandhoo,U,4.0,7.F3,"5°14'08""N","73°10'06""E",ދަންދޫ,ބ
ADh,Dhan'gethi (I),Dhan'gethi,I,25.2,13.E6,"3°36'27""N","72°57'19""E",ދަނގެތި,އދ
HA,Dhapparuhuraa (U),Dhapparuhuraa,U,<3.0,1.F4,"6°54'55""N","73°12'40""E",ދައްޕަރުހުރާ,ހއ
F,Dharan'boodhoo (I),Dharan'boodhoo,I,41.0,16.D6,"3°03'46""N","72°55'34""E",ދަރަންބޫދޫ,ފ
B,"Dharavandhoo (I) [ADF, H]",Dharavandhoo,"I, ADF, H",53.9,7.E4,"5°09'28""N","73°07'49""E",ދަރަވަންދޫ,ބ
B,Dhashufaruhuraa (U),Dhashufaruhuraa,U,<3.0,7.C8,"4°49'07""N","72°54'32""E",ދަށުފަރުހުރާ,ބ
Lh,Dhashugirifinolhu (U),Dhashugirifinolhu,U,<3.0,8.B4,"5°25'38""N","73°25'37""E",ދަށުގިރިފިނޮޅު,ޅ
Dh,Dhebaidhoo (U),Dhebaidhoo,U,<3.0,17.E5,"2°47'26""N","73°01'32""E",ދެބައިދޫ,ދ
R,Dheburidheythereyvaadhoo (U),Dheburidheythereyvaadhoo,U,11.2,6.D7,"5°24'02""N","72°59'27""E",ދެބުރިދެތެރޭވާދޫ,ރ
N,Dheefuram (U),Dheefuram,U,<3.0,5.C3,"5°53'15""N","73°19'05""E",ދީފުރަމް,ނ
S,Dheeron'di (U),Dheeron'di,U,<3.0,22.A5,"0°35'41""S","73°05'14""E",ދީރޮނޑި,ސ
Lh,Dhehuraa evvihuraa (U),Dhehuraa evvihuraa,U,<3.0,8.C2,"5°33'17""N","73°29'22""E",ދެހުރާ އެއްވިހުރާ,ޅ
N,Dhekenanfaru (U),Dhekenanfaru,U,<3.0,5.A3,"5°55'12""N","73°09'23""E",ދެކެނަންފަރު,ނ
M,Dhekunuboduveli (PR),Dhekunuboduveli,PR,4.6,15.C7,"2°49'31""N","73°27'07""E",ދެކުނުބޮޑުވެލި,މ
R,Dhekunumaafaru (U),Dhekunumaafaru,U,6.2,6.C7,"5°26'01""N","72°53'42""E",ދެކުނުމާފަރު,ރ
N,Dhelibey ruh elhihuraa (U),Dhelibey ruh elhihuraa,U,<3.0,5.F5,"5°48'26""N","73°27'23""E",ދެލިބޭ ރުއް އެޅިހުރާ,ނ
Lh,Dheruffinolhu (U),Dheruffinolhu,U,5.7,8.F5,"5°19'27""N","73°38'50""E",ދެރުއްފިނޮޅު,ޅ
GDh,Dherukurehaa (U),Dherukurehaa,U,8.4,21.B6,"0°14'45""N","73°06'43""E",ދެރުކުރެހާ,ގދ
GA,Dhevvaamaagala (U),Dhevvaamaagala,U,8.9,20.B5,"0°34'15""N","73°11'30""E",ދެއްވާމާގަލާ,ގއ
GA,Dhevvadhoo (I),Dhevvadhoo,I,23.3,20.C5,"0°33'25""N","73°14'32""E",ދެއްވަދޫ,ގއ
GA,Dhevvalaabadhoo (U),Dhevvalaabadhoo,U,8.5,20.C4,"0°36'16""N","73°18'34""E",ދެއްވަލާބަދޫ,ގއ
ADh,Dhihdhoo (I),Dhihdhoo,I,24.1,13.D7,"3°29'06""N","72°52'43""E",ދިއްދޫ,އދ
HA,Dhihdhoo (I),Dhihdhoo,I,58.9,1.E5,"6°53'13""N","73°06'48""E",ދިއްދޫ,ހއ
Lh,Dhihdhoo (U),Dhihdhoo,U,12.0,8.B5,"5°22'34""N","73°22'56""E",ދިއްދޫ,ޅ
ADh,Dhihdhoofinolhu (R),Dhihdhoofinolhu,R,16.0,13.D7,"3°29'54""N","72°53'46""E",ދިއްދޫފިނޮޅު,އދ
ADh,Dhiffushi (R),Dhiffushi,R,13.1,13.D8,"3°28'30""N","72°49'29""E",ދިއްފުށި,އދ
K,Dhiffushi (I),Dhiffushi,I,22.3,10.F5,"4°26'31""N","73°42'49""E",ދިއްފުށި,ކ
Lh,Dhiffushi (U),Dhiffushi,U,16.0,8.F4,"5°23'12""N","73°38'57""E",ދިއްފުށި,ޅ
Th,Dhiffushi (U),Dhiffushi,U,4.1,18.E3,"2°30'54""N","73°13'56""E",ދިއްފުށި,ތ
R,Dhigali (U),Dhigali,U,23.2,6.D6,"5°28'30""N","72°57'12""E",ދިގަލި,ރ
GDh,Dhigelaabadhuvaa (U),Dhigelaabadhuvaa,U,38.3,21.B6,"0°12'47""N","73°09'28""E",ދިގެލާބަދޫވާ,ގދ
M,Dhiggaru (I),Dhiggaru,I,9.9,15.E2,"3°06'42""N","73°33'56""E",ދިއްގަރު,މ
V,Dhiggiri (R),Dhiggiri,R,<3.0,14.C3,"3°38'42""N","73°29'14""E",ދިއްގިރި,ވ
ADh,Dhiggiri (U),Dhiggiri,U,<3.0,13.E2,"3°51'31""N","72°54'54""E",ދިއްގިރި,އދ
S,Dhigiheraa (U),Dhigiheraa,U,3.3,22.B7,"0°41'11""S","73°07'52""E",ދިގިހެރާ,ސ
B,Dhigudhefaru (U),Dhigudhefaru,U,<3.0,7.E3,"5°14'07""N","73°08'18""E",ދިގުދެފަރު,ބ
GA,Dhigudhoo (U),Dhigudhoo,U,14.1,20.F5,"0°32'34""N","73°32'04""E",ދިގުދޫ,ގއ
HA,Dhigufaruhuraa (U),Dhigufaruhuraa,U,<3.0,1.C4,"6°55'26""N","72°58'08""E",ދިގުފަރުހުރާ,ހއ
B,Dhigufaruvinagan'du (U),Dhigufaruvinagan'du,U,3.1,7.D2,"5°21'08""N","72°59'25""E",ދިގުފަރުވިނަގަނޑު,ބ
K,Dhigufinolhu (R),Dhigufinolhu,R,4.8,11.D4,"3°58'20""N","73°30'08""E",ދިގުފިނޮޅު,ކ
ADh,Dhigurah (I),Dhigurah,I,55.3,13.E7,"3°31'50""N","72°55'33""E",ދިގުރަށް,އދ
GA,Dhigurah (PR),Dhigurah,PR,23.5,20.E4,"0°41'23""N","73°26'28""E",ދިގުރަށް,ގއ
N,Dhigurah (U),Dhigurah,U,57.0,5.D6,"5°43'56""N","73°21'33""E",ދިގުރަށް,ނ
Sh,Dhigurah (U),Dhigurah,U,5.1,4.C6,"6°01'44""N","73°04'07""E",ދިގުރަށް,ށ
GDh,Dhigurehaa (U),Dhigurehaa,U,<3.0,21.A4,"0°25'17""N","73°00'17""E",ދިގުރެހާ,ގދ
F,Dhiguvarufinolhu (U),Dhiguvarufinolhu,U,<3.0,16.E3,"3°14'48""N","73°01'31""E",ދިގުވަރުފިނޮޅު,ފ
R,Dhikkurehdhoo (U),Dhikkurehdhoo,U,4.9,6.D5,"5°34'36""N","72°57'25""E",ދިއްކުރެހްދޫ,ރ
R,Dhinnaafushi (U),Dhinnaafushi,U,<3.0,6.B5,"5°35'21""N","72°49'59""E",ދިންނާފުށި,ރ
AA,Dhinnolhufinolhu (U),Dhinnolhufinolhu,U,<3.0,12.B4,"4°08'16""N","72°43'57""E",ދިންނޮޅުފިނޮޅު,އއ
HDh,Dhipparufushi (U),Dhipparufushi,U,8.2,3.B5,"6°19'08""N","72°38'26""E",ދިއްޕަރުފުށި,ހދ
Lh,Dhirun'baahuraa (U),Dhirun'baahuraa,U,<3.0,8.F5,"5°21'14""N","73°39'30""E",ދިރުންބާހުރާ,ޅ
M,Dhihthun'di (U),Dhihthun'di,U,10.9,15.B8,"2°45'57""N","73°25'16""E",ދިހްތުންޑި,މ
GA,Dhiyadhoo (I),Dhiyadhoo,I,48.7,20.F6,"0°28'42""N","73°33'25""E",ދިޔަދޫ,ގއ
Th,Dhiyamigili (I),Dhiyamigili,I,25.3,18.F5,"2°20'21""N","73°20'13""E",ދިޔަމިގިލި,ތ
Sh,Dholhiyadhoo (PR),Dholhiyadhoo,PR,20.6,4.E7,"5°59'39""N","73°12'48""E",ދޮޅިޔަދޫ,ށ
Sh,Dholhiyadhookudarah (U),Dholhiyadhookudarah,U,<3.0,4.E7,"5°59'22""N","73°13'27""E",ދޮޅިޔަދޫކުޑަރަށް,ށ
N,Dhonaeri kan'doodhoo (U),Dhonaeri kan'doodhoo,U,21.3,5.D7,"5°38'46""N","73°19'45""E",ދޮނައެރި ކަންދޫދޫ,ނ
HA,Dhonakulhi (YM),Dhonakulhi,YM,33.0,1.D5,"6°50'35""N","73°03'05""E",ދޮނަކުޅި,ހއ
Th,Dhonanfushi (U),Dhonanfushi,U,4.1,18.F3,"2°29'23""N","73°18'53""E",ދޮނަންފުށި,ތ
L,Dhonberahaa (U),Dhonberahaa,U,<3.0,19.E3,"2°04'16""N","73°32'09""E",ދޮންބެރަހާ,ލ
B,Dhonfanu (I),Dhonfanu,I,17.5,7.E3,"5°11'15""N","73°07'22""E",ދޮންފަނު,ބ
Sh,Dhonvelihuraa (U),Dhonvelihuraa,U,8.1,4.F5,"6°11'03""N","73°17'55""E",ދޮންވެލިހުރާ,ށ
B,Dhoogan'dufinolhu (U),Dhoogan'dufinolhu,U,<3.0,7.E3,"5°14'49""N","73°09'02""E",ދޫގަނޑުފިނޮޅު,ބ
K,Dhoonidhoo (U),Dhoonidhoo,U,3.8,10.D7,"4°11'49""N","73°30'49""E",ދޫނިދޫ,ކ
GDh,Dhoonirehaa (U),Dhoonirehaa,U,20.4,21.C6,"0°11'27""N","73°12'04""E",ދޫނިރެހާ,ގދ
GDh,Dhoonirehaa (U),Dhoonirehaa,U,<3.0,21.F5,"0°19'28""N","73°29'38""E",ދޫނިރެހާ,ގދ
Dh,Dhoores (U),Dhoores,U,8.9,17.C3,"2°55'02""N","72°53'02""E",ދޫރެސް,ދ
R,Dhoragali (U),Dhoragali,U,6.3,6.D6,"5°29'41""N","72°59'52""E",ދޮރަގަލި,ރ
B,Dhunikolhu (R),Dhunikolhu,R,14.7,7.B5,"5°02'23""N","72°52'53""E",ދުނިކޮޅު,ބ
Th,Dhururehaa (U),Dhururehaa,U,9.8,18.B7,"2°10'07""N","73°00'43""E",ދުރުރެހާ,ތ
R,Dhuvaafaru (I),Dhuvaafaru,I,49.5,6.E5,"5°37'43""N","73°02'30""E",ދުވާފަރު,ރ
R,Dhuvaafaruhuraa (U),Dhuvaafaruhuraa,U,<3.0,6.E5,"5°38'23""N","73°02'29""E",ދުވާފަރުހުރާ,ރ
N,Ehdhuffaru mairah (U),Ehdhuffaru mairah,U,15.9,5.E6,"5°41'43""N","73°24'30""E",އެއްދުއްފަރު މައިރަށް,ނ
GDh,Ehivakaa (U),Ehivakaa,U,8.1,21.A5,"0°17'13""N","73°03'16""E",އެހިވަކާ,ގދ
Sh,Ekasdhoo (U),Ekasdhoo,U,91.3,4.F6,"6°04'15""N","73°17'04""E",އެކަސްދޫ,ށ
GDh,Ekelondaa (U),Ekelondaa,U,5.2,21.C6,"0°12'28""N","73°10'31""E",އެކެލޮންޑާ,ގދ
N,Ekulhivaru (PR),Ekulhivaru,PR,20.8,5.C3,"5°56'59""N","73°18'25""E",އެކުޅިވަރު,ނ
Th,Ekuruffushifinolhu (U),Ekuruffushifinolhu,U,3.0,18.E6,"2°15'56""N","73°13'35""E",އެކުރުއްފުށިފިނޮޅު,ތ
Th,Elaa (PR),Elaa,PR,31.1,18.C7,"2°10'16""N","73°04'47""E",އެޅާ,ތ
AA,Ellaidhoo (R),Ellaidhoo,R,5.9,12.E6,"4°00'22""N","72°56'56""E",އެއްލައިދޫ,އއ
L,Enberahaa (U),Enberahaa,U,<3.0,19.A6,"1°50'31""N","73°15'27""E",އެންބެރަހާ,ލ
K,En'boodhoo (R),En'boodhoo,R,5.3,11.E2,"4°05'02""N","73°30'43""E",އެނބޫދޫ,ކ
ADh,En'boodhoo (U),En'boodhoo,U,<3.0,13.B2,"3°48'54""N","72°45'08""E",އެނބޫދޫ,އދ
B,En'boodhoo (U),En'boodhoo,U,4.2,7.B5,"5°03'50""N","72°51'21""E",އެނބޫދޫ,ބ
K,En'boodhoofinolhu (R),En'boodhoofinolhu,R,4.8,11.E2,"4°06'11""N","73°31'31""E",އެނބޫދޫފިނޮޅު,ކ
Dh,En'boodhoofushi (PR),En'boodhoofushi,PR,12.9,17.D7,"2°40'39""N","72°55'40""E",އެނބޫދޫފުށި,ދ
F,En'bulufushi (U),En'bulufushi,U,<3.0,16.E5,"3°08'04""N","73°01'06""E",އެންބުލުފުށި,ފ
K,Eriadhoo (R),Eriadhoo,R,3.1,10.B3,"4°35'24""N","73°24'52""E",އެރިޔަދޫ,ކ
Sh,Eriadhoo (U),Eriadhoo,U,64.8,4.F6,"6°06'14""N","73°17'13""E",އެރިޔަދޫ,ށ
K,Erruh-huraa (U),Erruh-huraa,U,<3.0,11.C7,"3°48'53""N","73°24'58""E",އެއްރުއްހުރާ,ކ
M,Erruh-huraa (U),Erruh-huraa,U,<3.0,15.F3,"3°04'11""N","73°38'31""E",އެއްރުއްހުރާ,މ
AA,Etheremadivaru (U),Etheremadivaru,U,<3.0,12.E5,"4°07'07""N","72°56'16""E",އެތެރެމަޑިވަރު,އއ
R,Ethigan'du jehihuraa (U),Ethigan'du jehihuraa,U,<3.0,6.E7,"5°25'31""N","73°01'52""E",އެތިގަނޑު ޖެހިހުރާ,ރ
R,Ehthigili (PR),Ehthigili,PR,10.9,6.D1,"5°58'43""N","72°56'17""E",އެއްތިގިލި,ރ
B,Eydhafushi (I),Eydhafushi,I,30.9,7.D4,"5°06'12""N","73°04'12""E",އޭދަފުށި,ބ
Lh,Faadhoo (U),Faadhoo,U,12.3,8.E4,"5°25'53""N","73°37'49""E",ފާދޫ,ޅ
Lh,Faadhoohuraagan'du (U),Faadhoohuraagan'du,U,<3.0,8.E4,"5°25'59""N","73°37'19""E",ފާދޫހުރާގަނޑު,ޅ
Dh,Faandhoo (U),Faandhoo,U,4.8,17.D2,"2°57'45""N","72°56'47""E",ފާންދޫ,ދ
F,Faanumaahuraa (U),Faanumaahuraa,U,<3.0,16.E4,"3°12'48""N","72°58'55""E",ފާނުމާހުރާ,ފ
R,Faarufushi (U),Faarufushi,U,6.3,6.D3,"5°46'04""N","72°57'54""E",ފާރުފުށި,ރ
R,Fainu (I),Fainu,I,60.5,6.E7,"5°27'48""N","73°02'04""E",ފައިނު,ރ
Lh,Fainu aadhanhuraa (U),Fainu aadhanhuraa,U,<3.0,8.F5,"5°21'30""N","73°39'28""E",ފައިނުއާދަންހުރާ,ޅ
GA,Falhumaafushi (PR),Falhumaafushi,PR,7.2,20.E4,"0°40'17""N","73°26'18""E",ފަޅުމާފުށި,ގއ
GA,Falhuverrahaa (U),Falhuverrahaa,U,7.3,20.E3,"0°45'46""N","73°26'05""E",ފަޅުވެއްރަހާ,ގއ
GDh,Farehulhedhoo (U),Farehulhedhoo,U,14.4,21.F5,"0°19'42""N","73°29'51""E",ފަރެހުޅުހެދޫ,ގދ
L,Fares (U),Fares,U,5.8,19.B7,"1°47'59""N","73°18'03""E",ފަރެސް,ލ
B,Fares (U) [IND],Fares,"U, IND",12.4,7.B3,"5°13'56""N","72°52'38""E",ފަރެސް,ބ
GDh,Faresmaathodaa (I),Faresmaathodaa,I,44.9,21.C6,"0°11'58""N","73°11'13""E",ފަރެސްމާތޮޑާ,ގދ
HDh,Faridhoo (I),Faridhoo,I,27.0,2.D2,"6°47'05""N","73°03'14""E",ފަރިދޫ,ހދ
GA,Faruhulhedhoo (U),Faruhulhedhoo,U,7.2,20.C2,"0°52'19""N","73°14'42""E",ފަރުހުޅުހެދޫ,ގއ
GA,Faruhulhudhoo (U),Faruhulhudhoo,U,3.3,20.C2,"0°52'26""N","73°15'21""E",ފަރުހުޅުދޫ,ގއ
Sh,"Farukolhu (PR) [ADF, H]",Farukolhu,"PR, ADF, H",69.4,4.F5,"6°11'30""N","73°17'51""E",ފަރުކޮޅު,ށ
K,Farukolhufushi (R),Farukolhufushi,R,12.6,10.D7,"4°13'51""N","73°32'38""E",ފަރުކޮޅުފުށި,ކ
GDh,Farukolhuhuttaa (U),Farukolhuhuttaa,U,<3.0,21.C6,"0°11'45""N","73°13'36""E",ފަރުކޮޅުހުއްޓާ,ގދ
N,Farumuli (U),Farumuli,U,<3.0,5.F4,"5°51'53""N","73°28'31""E",ފަރުމުލި,ނ
R,Fasgan'dufaru (U),Fasgan'dufaru,U,<3.0,6.D3,"5°45'29""N","72°56'19""E",ފަސްގަނޑުފަރު,ރ
R,Fasmendhoo (U),Fasmendhoo,U,20.0,6.C6,"5°29'39""N","72°52'53""E",ފަސްމެންދޫ,ރ
S,Fathikedeheragadu (U),Fathikedeheragadu,U,<3.0,22.C6,"0°36'43""S","73°08'55""E",ފަތިކެޑެހެރަގަޑު,ސ
F,Feeali (I),Feeali,I,13.8,16.E3,"3°16'11""N","73°00'08""E",ފީއަލި,ފ
Sh,Feevah (I),Feevah,I,86.4,4.E3,"6°20'56""N","73°12'33""E",ފީވަށް,ށ
B,Fehendhoo (I),Fehendhoo,I,23.5,7.C7,"4°52'53""N","72°58'11""E",ފެހެންދޫ,ބ
Lh,Fehigili (U),Fehigili,U,<3.0,8.C2,"5°33'26""N","73°28'53""E",ފެހިގިލި,ޅ
V,Felidhoo (I),Felidhoo,I,14.4,14.D5,"3°28'18""N","73°32'50""E",ފެލިދޫ,ވ
N,Felivaru (U),Felivaru,U,10.1,5.C4,"5°50'08""N","73°18'22""E",ފެލިވަރު,ނ
Lh,Felivaru (U) [IND],Felivaru,"U, IND",45.7,8.B3,"5°28'37""N","73°23'09""E",ފެލިވަރު,ޅ
GDh,Femunaidhoo (U),Femunaidhoo,U,3.3,21.B6,"0°14'14""N","73°07'20""E",ފެމުނައިދޫ,ގދ
HDh,Fenboahuraa (U),Fenboahuraa,U,8.1,3.C4,"6°23'47""N","72°41'40""E",ފެންބޯހުރާ,ހދ
L,Fenboahuraa (U),Fenboahuraa,U,<3.0,19.E3,"2°03'51""N","73°32'17""E",ފެންބޯހުރާ,ލ
L,Fenboarahaa (U),Fenboarahaa,U,<3.0,19.B6,"1°48'36""N","73°17'08""E",ފެންބޯރަހާ,ލ
GDh,Fenevenehuttaa (U),Fenevenehuttaa,U,5.2,21.B6,"0°15'44""N","73°05'40""E",ފެނެވެނެހުއްޓާ,ގދ
M,Fenfuraaveli (U),Fenfuraaveli,U,5.8,15.B7,"2°47'36""N","73°25'42""E",ފެންފުރާވެލި,މ
ADh,Fenfushi (I),Fenfushi,I,20.4,13.B7,"3°29'21""N","72°47'01""E",ފެންފުށި,އދ
Dh,Fenfushi (U),Fenfushi,U,<3.0,17.E5,"2°48'13""N","73°01'34""E",ފެންފުށި,ދ
R,Fenfushi (U),Fenfushi,U,5.3,6.C7,"5°22'55""N","72°54'07""E",ފެންފުށި,ރ
Th,Fenfushi (U),Fenfushi,U,<3.0,18.E5,"2°17'29""N","73°16'11""E",ފެންފުށި,ތ
GA,Fenfuttaa (U),Fenfuttaa,U,4.2,20.D3,"0°42'50""N","73°17'06""E",ފެންފުއްޓާ,ގއ
Th,Fenmeerufushi (U),Fenmeerufushi,U,<3.0,18.E6,"2°16'14""N","73°13'59""E",ފެންމީރުފުށި,ތ
Dh,Fenmeeruhuraa (U),Fenmeeruhuraa,U,7.4,17.E5,"2°47'14""N","73°01'31""E",ފެންމީރުހުރާ,ދ
GA,Fenrehaa (U),Fenrehaa,U,<3.0,20.F6,"0°24'56""N","73°34'21""E",ފެންރެހާ,ގއ
AA,Feridhoo (I),Feridhoo,I,44.2,12.B6,"4°03'03""N","72°43'31""E",ފެރިދޫ,އއ
AA,Fesdhoo (R),Fesdhoo,R,4.8,12.C6,"4°00'24""N","72°48'39""E",ފެސްދޫ,އއ
S,Feydhoo (I),Feydhoo,I,64.8,22.B7,"0°40'55""S","73°08'07""E",ފޭދޫ,ސ
Sh,Feydhoo (I),Feydhoo,I,91.2,4.C3,"6°21'38""N","73°02'55""E",ފޭދޫ,ށ
K,Feydhoofinolhu (U),Feydhoofinolhu,U,4.1,10.C7,"4°12'51""N","73°29'07""E",ފޭދޫފިނޮޅު,ކ
K,Fihaalhohi (R),Fihaalhohi,R,8.9,11.B6,"3°52'38""N","73°22'01""E",ފިޔާޅަހޮހި,ކ
R,Filaidhoo (U),Filaidhoo,U,19.2,6.D6,"5°29'30""N","72°56'17""E",ފިލައިދޫ,ރ
F,Filitheyo (R),Filitheyo,R,21.3,16.F4,"3°12'47""N","73°02'13""E",ފިލިތެޔޮ,ފ
HA,Filladhoo (I),Filladhoo,I,260.9,1.F5,"6°53'21""N","73°13'48""E",ފިއްލަދޫ,ހއ
HDh,Finey (I),Finey,I,117.3,2.D3,"6°44'45""N","73°03'11""E",ފިނޭ,ހދ
B,Finolhas (U),Finolhas,U,24.1,7.E3,"5°14'01""N","73°06'49""E",ފިނޮޅަސް,ބ
ADh,Finolhu (U),Finolhu,U,<3.0,13.D6,"3°33'20""N","72°52'05""E",ފިނޮޅު,އދ
Sh,Firubaidhoo (U),Firubaidhoo,U,17.2,4.E6,"6°06'51""N","73°13'39""E",ފިރުބައިދޫ,ށ
GDh,Fiyoari (I),Fiyoari,I,80.5,21.B6,"0°13'17""N","73°08'11""E",ފިޔޯރީ,ގދ
Sh,Foakaidhoo (I),Foakaidhoo,I,68.7,4.D3,"6°19'35""N","73°08'57""E",ފޯކައިދޫ,ށ
N,Fohdhipparu (U),Fohdhipparu,U,<3.0,5.B6,"5°45'11""N","73°12'28""E",ފޮއްދިއްޕަރު,ނ
N,Fohdhoo (I),Fohdhoo,I,26.7,5.B6,"5°44'36""N","73°12'57""E",ފޮއްދޫ,ނ
L,Fonadhoo (I),Fonadhoo,I,163.0,19.E6,"1°50'00""N","73°30'02""E",ފޮނަދޫ,ލ
L,Fonagaadhoo (U),Fonagaadhoo,U,9.8,19.E2,"2°06'55""N","73°32'32""E",ފޮނަގާދޫ,ލ
Th,Fondhoo (U),Fondhoo,U,<3.0,18.B5,"2°18'49""N","72°58'57""E",ފޮންދޫ,ތ
Th,Fonidhaani (U),Fonidhaani,U,<3.0,18.E5,"2°18'03""N","73°17'05""E",ފޮނިދާނީ,ތ
B,Fonimagoodhoo (R),Fonimagoodhoo,R,10.4,7.F3,"5°15'17""N","73°09'48""E",ފޮނިމަގޫދޫ,ބ
V,Fohtheyobodufushi (U),Fohtheyobodufushi,U,14.0,14.F5,"3°27'17""N","73°45'30""E",ފޮއްތެޔޮބޮޑުފުށި,ވ
R,Fuggiri (U),Fuggiri,U,7.4,6.C3,"5°43'27""N","72°51'16""E",ފުގްގިރި,ރ
GA,Fulan'gi (U),Fulan'gi,U,<3.0,20.B4,"0°41'04""N","73°12'07""E",ފުލަންގި,ގއ
B,Fulhadhoo (I),Fulhadhoo,I,28.3,7.C7,"4°53'05""N","72°55'58""E",ފުޅަދޫ,ބ
V,Fulidhoo (I),Fulidhoo,I,12.1,14.B2,"3°40'49""N","73°24'57""E",ފުލިދޫ,ވ
Th,Funaddu (U),Funaddu,U,27.4,18.C6,"2°11'53""N","73°07'43""E",ފުނައްޑޫ,ތ
Sh,Funadhoo (I),Funadhoo,I,91.0,4.F5,"6°08'57""N","73°17'25""E",ފުނަދޫ,ށ
B,Funadhoo (U),Funadhoo,U,12.4,7.D2,"5°16'28""N","73°01'59""E",ފުނަދޫ,ބ
GA,Funadhoo (U),Funadhoo,U,23.5,20.F5,"0°33'44""N","73°31'33""E",ފުނަދޫ,ގއ
K,Funadhoo (U),Funadhoo,U,4.4,10.D8,"4°11'01""N","73°31'04""E",ފުނަދޫ,ކ
GA,Funadhooviligillaa (U),Funadhooviligillaa,U,5.0,20.F5,"0°34'10""N","73°31'12""E",ފުނަދޫވިލިގިއްލާ,ގއ
GA,Funamauddaa (PR),Funamauddaa,PR,10.9,20.B5,"0°32'01""N","73°11'24""E",ފުނަމައުއްޑާ,ގއ
K,Furanafushi (R),Furanafushi,R,11.8,10.D7,"4°14'59""N","73°32'44""E",ފުރަނަފުށި,ކ
R,Furaveri (U),Furaveri,U,23.7,6.C7,"5°26'25""N","72°54'29""E",ފުރަވެރި,ރ
AA,Fusfinolhu (U),Fusfinolhu,U,<3.0,12.E6,"4°01'06""N","72°57'30""E",ފުސްފިނޮޅު,އއ
AA,Fushi (U),Fushi,U,<3.0,12.D3,"4°12'55""N","72°53'00""E",ފުށި,އއ
L,Fushi (U),Fushi,U,5.6,19.E3,"2°02'58""N","73°31'55""E",ފުށި,ލ
Th,Fushi (U),Fushi,U,6.3,18.B6,"2°11'34""N","72°58'07""E",ފުށި,ތ
ADh,Fushidhigga (U),Fushidhigga,U,<3.0,13.B3,"3°45'27""N","72°46'14""E",ފުށިދިއްގާ,އދ
Lh,Fushifaru (U),Fushifaru,U,5.2,8.D3,"5°29'27""N","73°30'55""E",ފުށިފަރު,ޅ
Sh,Fushifaru (U),Fushifaru,U,5.2,4.B2,"6°23'43""N","72°55'33""E",ފުށިފަރު,ށ
N,Fushivelavaru (U),Fushivelavaru,U,5.4,5.B4,"5°51'47""N","73°12'24""E",ފުށިވެލަވަރު,ނ
GN,"Fuvahmulah (I) [ADF, H]",Fuvahmulah,"I, ADF, H",491.7,22.E2,"0°17'44""S","73°25'29""E",ފުވައްމުލައް,ޏ
Th,Gaadhiffushi (I),Gaadhiffushi,I,13.4,18.D6,"2°15'08""N","73°12'46""E",ގާދިއްފުށި,ތ
L,Gaadhoo (I),Gaadhoo,I,71.1,19.E6,"1°49'14""N","73°27'04""E",ގާދޫ,ލ
Lh,Gaaerifaru (U),Gaaerifaru,U,3.3,8.B3,"5°29'06""N","73°24'13""E",ގާއެރިފަރު,ޅ
K,Gaafaru (I),Gaafaru,I,17.2,10.C1,"4°44'09""N","73°30'00""E",ގާފަރު,ކ
HA,Gaafushi (U),Gaafushi,U,<3.0,1.D5,"6°51'07""N","73°03'27""E",ގާފުށި,ހއ
AA,Gaagan'du (U),Gaagan'du,U,<3.0,12.D3,"4°13'57""N","72°51'53""E",ގާގަނޑު,އއ
K,Gaagan'du (U),Gaagan'du,U,<3.0,10.D7,"4°14'58""N","73°32'12""E",ގާގަނޑު,ކ
B,Gaagan'dufaruhuraa (U),Gaagan'dufaruhuraa,U,<3.0,7.D1,"5°22'08""N","73°03'38""E",ގާގަނޑުފަރުހުރާ,ބ
Sh,Gaakoshibi (PR),Gaakoshibi,PR,17.5,4.C3,"6°17'11""N","73°00'43""E",ގާކޮށިބި,ށ
M,Gaakurali (U),Gaakurali,U,13.2,15.B7,"2°46'48""N","73°22'20""E",ގާކުރަޅި,މ
Th,Gaalee (U),Gaalee,U,6.0,18.D2,"2°32'51""N","73°09'15""E",ގާލީ,ތ
HA,Gaamathikulhudhoo (U),Gaamathikulhudhoo,U,13.1,1.C3,"7°02'21""N","72°59'04""E",ގާމަތީކުޅުދޫ,ހއ
AA,Gaathafushi (U),Gaathafushi,U,<3.0,12.C6,"4°01'24""N","72°48'38""E",ގާތަފުށި,އއ
Th,Gaathurehaa (U),Gaathurehaa,U,6.2,18.B7,"2°10'13""N","73°00'56""E",ގާތުރެހާ,ތ
R,Gaaun'doodhoo (U),Gaaun'doodhoo,U,16.6,6.E3,"5°44'57""N","73°00'56""E",ގާއުނޑޫދޫ,ރ
B,Gaavilin'gili (U),Gaavilin'gili,U,<3.0,7.B5,"5°03'43""N","72°50'14""E",ގާވިލިންގިލި,ބ
GDh,Gahdhoo (I),Gahdhoo,I,25.2,21.F5,"0°17'20""N","73°27'21""E",ގައްދޫ,ގދ
GDh,Gahevelagalaa (U),Gahevelagalaa,U,<3.0,21.D5,"0°21'27""N","73°19'12""E",ގަހެވެލަގަލާ,ގދ
GA,Galamedhuvaa (U),Galamedhuvaa,U,3.4,20.F5,"0°31'48""N","73°32'13""E",ގަލަމެދުވާ,ގއ
Sh,Gallaidhoo (U),Gallaidhoo,U,13.2,4.D7,"5°58'08""N","73°07'28""E",ގައްލައިދޫ,ށ
HA,Gallandhoo (U),Gallandhoo,U,11.6,1.C4,"6°56'48""N","72°58'59""E",ގައްލަންދޫ,ހއ
L,Gan (I),Gan,I,595.6,19.E5,"1°55'07""N","73°32'31""E",ގަން,ލ
GDh,Gan (U),Gan,U,246.6,21.E6,"0°16'38""N","73°25'57""E",ގަން,ގދ
S,"Gan (U) [AIE, H]",Gan,"U, AIE, H",288.6,22.C7,"0°41'40""S","73°09'19""E",ގަން,ސ
AA,Gangehi (R),Gangehi,R,<3.0,12.B3,"4°13'12""N","72°45'18""E",ގަންގެހި,އއ
K,Gasfinolhu (R),Gasfinolhu,R,3.4,10.E6,"4°21'40""N","73°37'34""E",ގަސްފިނޮޅު,ކ
L,Gasgan'dufinolhu (PR),Gasgan'dufinolhu,PR,4.2,19.E4,"1°57'07""N","73°32'24""E",ގަސްގަނޑުފިނޮޅު,ލ
M,Gasveli (PR),Gasveli,PR,<3.0,15.C7,"2°49'48""N","73°27'30""E",ގަސްވެލި,މ
S,Gauken'di (U),Gauken'di,U,5.5,22.B6,"0°38'57""S","73°06'25""E",ގައުކެނޑި,ސ
GDh,Gazeeraa (PR),Gazeeraa,PR,5.5,21.E6,"0°16'00""N","73°22'36""E",ޖަޒީރާ,ގދ
GA,Gemanafushi (I),Gemanafushi,I,53.7,20.F6,"0°26'33""N","73°34'06""E",ގެމަނަފުށި,ގއ
B,Gemendhoo (U),Gemendhoo,U,<3.0,7.D2,"5°16'31""N","73°01'11""E",ގެމެންދޫ,ބ
Dh,Gemendhoo (U),Gemendhoo,U,3.7,17.E5,"2°48'04""N","73°01'33""E",ގެމެންދޫ,ދ
S,Geskalhaheraa (U),Geskalhaheraa,U,<3.0,22.D6,"0°38'45""S","73°13'15""E",ގަސްކަޅަހެރާ,ސ
K,Giraavaru (R),Giraavaru,R,3.0,10.B7,"4°12'01""N","73°24'46""E",ގިރާވަރު,ކ
R,Giraavaru (U),Giraavaru,U,<3.0,6.C5,"5°35'18""N","72°51'40""E",ގިރާވަރު,ރ
K,Girifushi (U),Girifushi,U,5.7,10.D6,"4°19'06""N","73°34'42""E",ގިރިފުށި,ކ
N,Goan'bilivaadhoo (U),Goan'bilivaadhoo,U,14.1,5.E5,"5°49'21""N","73°23'14""E",ގޮއިންބިލިވާދޫ,ނ
R,Goboshi (U),Goboshi,U,<3.0,6.C6,"5°33'05""N","72°53'02""E",ގޮބޮށި,ރ
B,Goidhoo (I),Goidhoo,I,163.7,7.D7,"4°52'22""N","72°59'56""E",ގޮއިދޫ,ބ
Sh,Goidhoo (I),Goidhoo,I,99.5,4.B2,"6°25'48""N","72°55'47""E",ގޮއިދޫ,ށ
R,Goiymaru (U),Goiymaru,U,<3.0,6.C5,"5°37'48""N","72°53'16""E",ގޮއިމަރު,ރ
GDh,Golhaallaa (U),Golhaallaa,U,15.4,21.F5,"0°19'14""N","73°29'11""E",ގޮޅާއްލާ,ގދ
S,Gomahera (U),Gomahera,U,3.1,22.C7,"0°41'27""S","73°10'58""E",ގޮމަހެރާ,ސ
Sh,Gonaafarufinolhu (U),Gonaafarufinolhu,U,<3.0,4.A1,"6°27'56""N","72°53'56""E",ގޮނާފަރުފިނޮޅު,ށ
M,Gongalihuraa (U),Gongalihuraa,U,<3.0,15.D6,"2°51'14""N","73°33'03""E",ގޮނގަލިހުރާ,މ
GDh,Gosi (U),Gosi,U,6.0,21.B3,"0°30'37""N","73°08'51""E",ގޮސި,ގދ
HA,Govvaafushi (U),Govvaafushi,U,<3.0,1.B3,"7°00'45""N","72°55'09""E",ގޮއްވާފުށި,ހއ
Lh,Govvaafushi (U),Govvaafushi,U,<3.0,8.F5,"5°21'25""N","73°39'30""E",ގޮއްވާފުށި,ޅ
R,Goyyafaru (U),Goyyafaru,U,3.0,6.D5,"5°33'53""N","72°55'38""E",ގޮއްޔަފަރު,ރ
K,Gulhi (I),Gulhi,I,9.0,11.D4,"3°59'25""N","73°30'32""E",ގުޅި,ކ
K,Gulhigaathuhuraa (U),Gulhigaathuhuraa,U,<3.0,11.D4,"3°58'36""N","73°30'23""E",ގުޅިގާތުހުރާ,ކ
K,Guraidhoo (I),Guraidhoo,I,20.9,11.D6,"3°54'02""N","73°28'05""E",ގުރައިދޫ,ކ
Th,Guraidhoo (I),Guraidhoo,I,31.8,18.F5,"2°19'30""N","73°19'09""E",ގުރައިދޫ,ތ
L,Guraidhoo (U),Guraidhoo,U,9.9,19.A5,"1°54'28""N","73°15'17""E",ގުރައިދޫ,ލ
L,Haiyhoshi (U),Haiyhoshi,U,<3.0,19.A6,"1°50'31""N","73°15'30""E",ހައިހޮށި,ލ
M,Hakuraahuraa (R),Hakuraahuraa,R,5.4,15.D6,"2°51'14""N","73°32'19""E",ހަކުރާހުރާ,މ
AA,Halaveli (R),Halaveli,R,4.7,12.E6,"4°02'17""N","72°55'09""E",ހަލަވެލި,އއ
GA,Han'dahaa (PR),Han'dahaa,PR,9.6,20.E6,"0°30'19""N","73°27'14""E",ހަންޑަހާ,ގއ
ADh,Hangnaameedhoo (I),Hangnaameedhoo,I,21.0,13.E2,"3°50'57""N","72°57'18""E",ހަންގްޏާމީދޫ,އދ
L,Hanhushi (U),Hanhushi,U,<3.0,19.A4,"1°57'05""N","73°15'42""E",ހަންހުށި,ލ
B,Hanifaru (U),Hanifaru,U,3.1,7.E3,"5°10'57""N","73°07'58""E",ހަނިފަރު,ބ
B,Hanifaruhuraa (U),Hanifaruhuraa,U,<3.0,7.E4,"5°10'20""N","73°09'02""E",ހަނިފަރުހުރާ,ބ
HDh,"Hanimaadhoo (I) [ADE, H]",Hanimaadhoo,"I, ADE, H",305.7,2.F3,"6°45'22""N","73°10'23""E",ހަނިމާދޫ,ހދ
S,Hankede (PR),Hankede,PR,7.1,22.B6,"0°39'21""S","73°06'40""E",ހަންކެޑެ,ސ
HA,Hathifushi (U),Hathifushi,U,5.3,1.A3,"7°01'12""N","72°49'49""E",ހަތިފުށި,ހއ
Th,Hathifushi (U),Hathifushi,U,<3.0,18.E5,"2°17'14""N","73°15'47""E",ހަތިފުށި,ތ
GDh,Havoddaa (U),Havoddaa,U,10.9,21.B3,"0°32'24""N","73°05'42""E",ހަވޮއްޑާ,ގދ
GDh,Havodigalaa (U),Havodigalaa,U,7.4,21.B3,"0°31'22""N","73°04'27""E",ހަވޮޑިގަލާ,ގދ
ADh,Heenfaru (U),Heenfaru,U,<3.0,13.C2,"3°49'09""N","72°49'42""E",ހީންފަރު,އދ
K,Helen'geli (R),Helen'geli,R,7.7,10.D2,"4°38'04""N","73°33'48""E",ހެލެނގެލި,ކ
K,Hen'badhoo (R),Hen'badhoo,R,3.5,10.B4,"4°28'53""N","73°23'35""E",ހެންބަދޫ,ކ
N,Hen'badhoo (I),Hen'badhoo,I,14.0,5.E2,"5°58'02""N","73°23'34""E",ހެންބަދޫ,ނ
L,Hendha (U),Hendha,U,3.6,19.A6,"1°49'19""N","73°16'27""E",ހެންދަ,ލ
S,Herethere (R),Herethere,R,81.4,22.D6,"0°36'59""S","73°13'27""E",ހެރެތެރެ,ސ
GDh,Hevaahulhudhoo (U),Hevaahulhudhoo,U,6.0,21.A5,"0°18'03""N","73°01'51""E",ހެވާހުޅުދޫ,ގދ
B,Hibalhidhoo (U) [IND],Hibalhidhoo,"U, IND",20.2,7.E4,"5°08'28""N","73°06'53""E",ހިބަޅިދޫ,ބ
R,Hiboodhoo (U),Hiboodhoo,U,<3.0,6.C5,"5°36'45""N","72°55'08""E",ހިބޫދޫ,ރ
S,Hikahera (U),Hikahera,U,<3.0,22.D5,"0°34'46""S","73°13'16""E",ހިކަހެރާ,ސ
Th,Hikan'dhilhohi (U),Hikan'dhilhohi,U,4.2,18.E3,"2°31'14""N","73°13'36""E",ހިކަންދިލްހޮހި,ތ
L,Hikan'dhirahaa (U),Hikan'dhirahaa,U,3.3,19.E3,"2°03'29""N","73°32'11""E",ހިކަންދިރަހާ,ލ
AA,Himendhoo (I),Himendhoo,I,23.1,12.B8,"3°55'15""N","72°44'38""E",ހިމަންދޫ,އއ
F,Himithi (U) [IND],Himithi,"U, IND",15.4,16.B3,"3°15'18""N","72°49'06""E",ހިމިތި,ފ
GA,Hinaamaagalaa (U),Hinaamaagalaa,U,<3.0,20.D4,"0°37'46""N","73°20'43""E",ހިނާމާގަލާ,ގއ
V,Hin'gaakulheefinolhu (U),Hin'gaakulheefinolhu,U,<3.0,14.D6,"3°21'30""N","73°34'58""E",ހިންގާކުޅީފިނޮޅު,ވ
K,Hinmafushi (I),Hinmafushi,I,33.2,10.D6,"4°18'32""N","73°34'16""E",ހިންމަފުށި,ކ
Lh,Hinnavaru (I),Hinnavaru,I,22.5,8.B3,"5°29'31""N","73°24'44""E",ހިންނަވަރު,ޅ
R,Hiraveri (U),Hiraveri,U,<3.0,6.C5,"5°34'18""N","72°52'09""E",ހިރަވެރި,ރ
GA,Hirihuttaa (U),Hirihuttaa,U,4.9,20.D5,"0°32'25""N","73°20'46""E",ހިރިހުއްޓާ,ގއ
Th,Hirilandhoo (I),Hirilandhoo,I,29.4,18.A6,"2°16'15""N","72°55'54""E",ހިރިލަންދޫ,ތ
HDh,Hirimaradhoo (I),Hirimaradhoo,I,46.1,2.C3,"6°43'29""N","73°01'26""E",ހިރިމަރަދޫ,ހދ
HDh,Hirinaidhoo (U),Hirinaidhoo,U,7.4,2.B3,"6°42'06""N","72°56'53""E",ހިރިނައިދޫ,ހދ
Lh,Hiriyaadhoo (U),Hiriyaadhoo,U,28.8,8.F4,"5°24'45""N","73°38'38""E",ހިރިޔާދޫ,ޅ
Dh,Hiriyafushi (U),Hiriyafushi,U,9.1,17.E7,"2°42'42""N","72°59'16""E",ހިރިޔަފުށި,ދ
Th,Hiriyanfushi (U),Hiriyanfushi,U,<3.0,18.D6,"2°12'42""N","73°08'58""E",ހިރިޔަންފުށި,ތ
Sh,Hirubadhoo (U),Hirubadhoo,U,13.2,4.E5,"6°11'16""N","73°14'43""E",ހިރުބަދޫ,ށ
B,Hirundhoo (U),Hirundhoo,U,6.4,7.E3,"5°13'01""N","73°09'12""E",ހިރުންދޫ,ބ
B,Hithaadhoo (I),Hithaadhoo,I,31.4,7.C5,"5°00'25""N","72°55'22""E",ހިތާދޫ,ބ
GA,Hithaadhoo (U),Hithaadhoo,U,6.1,20.C2,"0°50'55""N","73°14'32""E",ހިތާދޫ,ގއ
GA,Hithaadhoogalaa (U),Hithaadhoogalaa,U,<3.0,20.C2,"0°49'34""N","73°15'07""E",ހިތާދޫގަލާ,ގއ
L,Hithadhoo (I),Hithadhoo,I,107.1,19.C7,"1°47'49""N","73°23'18""E",ހިތަދޫ,ލ
S,Hithadhoo (I),Hithadhoo,I,526.5,22.A6,"0°36'24""S","73°05'21""E",ހިތަދޫ,ސ
ADh,Hiyafushi (U),Hiyafushi,U,<3.0,13.D7,"3°28'45""N","72°52'13""E",ހިޔަފުށި,އދ
GDh,Hoan'dehdhoo (I),Hoan'dehdhoo,I,93.7,21.A4,"0°26'39""N","73°00'11""E",ހޯނޑެއްދޫ,ގދ
N,Holhudhoo (I),Holhudhoo,I,19.9,5.C6,"5°45'17""N","73°15'46""E",ހޮޅުދޫ,ނ
N,Holhumeedhoo (U),Holhumeedhoo,U,28.3,5.C6,"5°45'04""N","73°14'57""E",ހޮޅުމީދޫ,ނ
L,Holhurahaa (U),Holhurahaa,U,<3.0,19.E3,"2°04'06""N","73°32'20""E",ހޮޅުރަހާ,ލ
HDh,Hon'daafushi (PR),Hon'daafushi,PR,59.5,2.E2,"6°46'41""N","73°07'17""E",ހޮންޑާފުށި,ހދ
HDh,Hon'daidhoo (U) [IND],Hon'daidhoo,"U, IND",19.1,2.D2,"6°46'11""N","73°05'14""E",ހޮންޑައިދޫ,ހދ
Th,Hon'delifushi (U),Hon'delifushi,U,<3.0,18.F3,"2°29'41""N","73°18'45""E",ހޮންޑެލިފުށި,ތ
GDh,Hoothodeyaa (U),Hoothodeyaa,U,<3.0,21.C6,"0°12'10""N","73°10'54""E",ހޫތޮޑެޔާ,ގދ
B,Horubadhoo (R),Horubadhoo,R,18.9,7.D4,"5°09'47""N","73°03'12""E",ހޮރުބަދޫ,ބ
Dh,Hudhufusheefinolhu (U),Hudhufusheefinolhu,U,<3.0,17.C3,"2°53'37""N","72°54'17""E",ހުދުފުށީފިނޮޅު,ދ
Lh,Hudhufushi (PR),Hudhufushi,PR,65.0,8.F5,"5°21'43""N","73°39'14""E",ހުދުފުށި,ޅ
M,Hudhuveli (U),Hudhuveli,U,<3.0,15.F3,"3°02'12""N","73°37'10""E",ހުދުވެލި,މ
N,Huivani (U),Huivani,U,20.5,5.D3,"5°54'48""N","73°18'56""E",ހުއިވަނި,ނ
ADh,Hukurudhoo (U),Hukurudhoo,U,14.8,13.B6,"3°34'13""N","72°43'07""E",ހުކުރުދޫ,އދ
V,Hulhidhoo (U),Hulhidhoo,U,3.1,14.D4,"3°29'36""N","73°31'58""E",ހުޅިދޫ,ވ
GA,Hulhimendhoo (U),Hulhimendhoo,U,5.4,20.E3,"0°42'12""N","73°26'24""E",ހުޅިމެންދޫ,ގއ
L,Hulhimendhoo (U),Hulhimendhoo,U,9.1,19.C6,"1°49'19""N","73°23'40""E",ހުޅިމެންދޫ,ލ
L,Hulhiyandhoo (U),Hulhiyandhoo,U,22.1,19.E2,"2°04'50""N","73°32'29""E",ހުޅިޔަންދޫ,ލ
Th,Hulhiyanfushi (U),Hulhiyanfushi,U,3.9,18.D6,"2°15'31""N","73°13'05""E",ހުޅިޔަންފުށި,ތ
N,Hulhudhoo (U),Hulhudhoo,U,8.5,5.D5,"5°48'54""N","73°19'07""E",ހުޅުދޫ,ނ
Dh,Hulhudheli (I),Hulhudheli,I,18.8,17.B4,"2°51'30""N","72°50'45""E",ހުޅުދެލި,ދ
S,Hulhudhoo (I),Hulhudhoo,I,105.4,22.D5,"0°35'35""S","73°13'42""E",ހުޅުދޫ,ސ
B,Hulhudhoo (U),Hulhudhoo,U,4.0,7.D2,"5°16'29""N","73°01'30""E",ހުޅުދޫ,ބ
B,Hulhudhoo (U),Hulhudhoo,U,<3.0,7.D5,"5°04'16""N","73°01'54""E",ހުޅުދޫ,ބ
R,Hulhudhoo (U),Hulhudhoo,U,<3.0,6.E3,"5°44'18""N","73°01'07""E",ހުޅުދޫ,ރ
R,Hulhudhuffaaru (I),Hulhudhuffaaru,I,59.7,6.E3,"5°45'53""N","73°00'44""E",ހުޅުދުއްފާރު,ރ
K,"Hulhule (U) [AIE, H]",Hulhule,"U, AIE, H",151.2,10.D8,"4°11'21""N","73°31'45""E",ހުޅުލެ,ކ
K,Hulhumale' (I),Hulhumale',I,200.0,10.D7,"4°12'44""N","73°32'25""E",ހުޅުމާލެ,ކ
GDh,Hulhuvaarulaa (U),Hulhuvaarulaa,U,25.6,21.F5,"0°19'38""N","73°29'12""E",ހުޅުވާރުލާ,ގދ
Dh,Hulhuvahi (U),Hulhuvahi,U,4.7,17.E4,"2°51'23""N","73°01'30""E",ހުޅުވަހި,ދ
L,Hulisdhoo (U),Hulisdhoo,U,<3.0,19.C7,"1°47'06""N","73°23'15""E",ހުލިސްދޫ,ލ
GDh,Hunigon'direhaa (U),Hunigon'direhaa,U,<3.0,21.A4,"0°26'05""N","73°00'09""E",ހުނިގޮނޑިރެހާ,ގދ
K,Huraa (I),Huraa,I,25.1,10.D6,"4°20'01""N","73°36'03""E",ހުރާ,ކ
HDh,Huraa (U),Huraa,U,<3.0,2.E4,"6°40'42""N","73°06'18""E",ހުރާ,ހދ
L,Huraa (U),Huraa,U,<3.0,19.E6,"1°50'39""N","73°30'56""E",ހުރާ,ލ
ADh,Hurasdhoo (U),Hurasdhoo,U,3.9,13.B5,"3°40'00""N","72°46'29""E",ހުރަސްދޫ,އދ
Sh,Hurasfaruhuraa (U),Hurasfaruhuraa,U,<3.0,4.C5,"6°08'23""N","73°02'14""E",ހުރަސްފަރުހުރާ,ށ
M,Hurasveli (U),Hurasveli,U,<3.0,15.E4,"3°01'08""N","73°37'05""E",ހުރަސްވެލި,މ
Lh,Huravalhi (U),Huravalhi,U,8.1,8.C2,"5°31'15""N","73°26'30""E",ހުރަވަޅި,ޅ
GA,Hurendhoo (U),Hurendhoo,U,<3.0,20.B2,"0°50'48""N","73°12'27""E",ހުރެންދޫ,ގއ
ADh,Huruelhi (U),Huruelhi,U,6.3,13.A7,"3°32'38""N","72°43'10""E",ހުރުއެޅި,އދ
R,Huruvalhi (U),Huruvalhi,U,6.0,6.D7,"5°23'31""N","72°58'44""E",ހުރުވަޅި,ރ
HA,Huvahandhoo (U),Huvahandhoo,U,48.5,1.B4,"6°57'32""N","72°54'18""E",ހުވަހަންދޫ,ހއ
ADh,Huvahendhoo (R),Huvahendhoo,R,6.6,13.E5,"3°39'13""N","72°57'13""E",ހުވަހެންދޫ,އދ
N,Huvan'dhumaavattaru (PR),Huvan'dhumaavattaru,PR,11.5,5.F4,"5°50'42""N","73°26'42""E",ހުވަންދޫމާވައްޓަރު,ނ
HA,Huvarafushi (I),Huvarafushi,I,66.5,1.B3,"6°58'59""N","72°53'41""E",ހުވަރަފުށި,ހއ
GA,Idhimaa (U),Idhimaa,U,<3.0,20.F7,"0°24'27""N","73°34'11""E",އިދިމާ,ގއ
R,Ifuru (U) [IND],Ifuru,"U, IND",56.4,6.E4,"5°42'26""N","73°01'27""E",އިފުރު,ރ
HA,Ihavandhoo (I),Ihavandhoo,I,61.9,1.B4,"6°57'11""N","72°55'34""E",އިހަވަންދޫ,ހއ
K,Ihuru (R),Ihuru,R,3.4,10.B6,"4°18'24""N","73°24'57""E",އިހުރު,ކ
R,In'guraidhoo (I),In'guraidhoo,I,45.3,6.E6,"5°28'37""N","73°02'11""E",އިނގުރައިދޫ,ރ
N,In'guraidhoo (U),In'guraidhoo,U,12.8,5.D5,"5°47'49""N","73°20'40""E",އިނގުރައިދޫ,ނ
HA,Innafinolhu (U),Innafinolhu,U,15.6,1.A2,"7°04'25""N","72°48'40""E",އިންނަފިނޮޅު,ހއ
ADh,Innafushi (U),Innafushi,U,3.5,13.B3,"3°47'50""N","72°43'56""E",އިންނަފުށި,އދ
B,Innafushi (U),Innafushi,U,3.2,7.B7,"4°52'39""N","72°52'43""E",އިންނަފުށި,ބ
HDh,Innafushi (U),Innafushi,U,<3.0,3.C4,"6°24'32""N","72°38'43""E",އިންނަފުށި,ހދ
Lh,Innahuraa (U),Innahuraa,U,11.1,8.F5,"5°21'01""N","73°39'15""E",އިންނަހުރާ,ޅ
R,Innamaadhoo (I),Innamaadhoo,I,33.9,6.E6,"5°32'58""N","73°02'39""E",އިންނަމާދޫ,ރ
GA,Innarehaa (U),Innarehaa,U,27.6,20.F7,"0°22'46""N","73°33'23""E",އިންނަރެހާ,ގއ
L,Isdhoo (I),Isdhoo,I,358.6,19.F2,"2°07'06""N","73°34'02""E",އިސްދޫ,ލ
Dh,Issari (U),Issari,U,<3.0,17.E7,"2°42'23""N","72°58'57""E",އިއްސަރި,ދ
F,Jinnathugau (U),Jinnathugau,U,<3.0,16.E4,"3°12'01""N","72°59'53""E",ޖިންނަތުގައު,ފ
Th,Kaaddoo (U),Kaaddoo,U,3.9,18.E5,"2°16'54""N","73°15'16""E",ކާއްޑޫ,ތ
GDh,"Kaadedhdhoo (U) [ADE, H]",Kaadedhdhoo,"U, ADE, H",181.2,21.A3,"0°29'14""N","72°59'37""E",ކާޑެއްދޫ,ގދ
GDh,Kaalhehuttaa (U),Kaalhehuttaa,U,12.7,21.B6,"0°13'37""N","73°07'52""E",ކާޅެހުއްޓާ,ގދ
GDh,Kaalhehuttaa (U),Kaalhehuttaa,U,<3.0,21.C6,"0°11'36""N","73°12'49""E",ކާޅެހުއްޓާ,ގދ
N,Kaalhugemendhoo (U),Kaalhugemendhoo,U,<3.0,5.D5,"5°47'13""N","73°21'13""E",ކާޅުގެމެންދޫ,ނ
K,Kaashidhoo (I),Kaashidhoo,I,276.8,10.E2,"4°57'20""N","73°27'40""E",ކާށިދޫ,ކ
GDh,Kaashidhoo (PR),Kaashidhoo,PR,6.7,21.E5,"0°20'05""N","73°26'11""E",ކާށިދޫ,ގދ
GDh,Kaashihulhudhoo (U),Kaashihulhudhoo,U,15.2,21.A4,"0°23'43""N","73°00'28""E",ކާށިހުޅުދޫ,ގދ
GDh,Kadevaarehaa (U),Kadevaarehaa,U,5.1,21.A4,"0°25'42""N","73°00'13""E",ކަދެވާރެހާ,ގދ
L,"Kahdhoo (U) [ADE, H]",Kahdhoo,"U, ADE, H",106.7,19.E6,"1°51'35""N","73°31'17""E",ކައްދޫ,ލ
GDh,Kadhefalaa (U),Kadhefalaa,U,<3.0,21.A5,"0°20'34""N","73°01'34""E",ކަދެފަލާ,ގދ
N,Kafakomandoo (U),Kafakomandoo,U,8.3,5.E2,"5°57'43""N","73°23'10""E",ކަފަކޮމަންޑޫ,ނ
GDh,Kafena (U) [IND],Kafena,"U, IND",11.8,21.A3,"0°31'01""N","72°59'35""E",ކަފެނާ,ގދ
Th,Kafidhoo (U),Kafidhoo,U,<3.0,18.B5,"2°19'37""N","72°57'42""E",ކަފިދޫ,ތ
K,Kagi (U) [IND],Kagi,"U, IND",3.1,10.C2,"4°40'37""N","73°30'03""E",ކާގި,ކ
Sh,Kakaa eriyadhoo (U) [IND],Kakaa eriyadhoo,"U, IND",15.0,4.A1,"6°28'40""N","72°54'08""E",ކަކާ އެރިޔަދޫ,ށ
Th,Kakolhas (U),Kakolhas,U,16.8,18.A5,"2°18'55""N","72°56'38""E",ކަކޮޅަސް,ތ
N,Kalaidhoo (U),Kalaidhoo,U,26.9,5.D2,"5°58'21""N","73°20'44""E",ކަލައިދޫ,ނ
ADh,Kalhahan'dhihuraa (U),Kalhahan'dhihuraa,U,<3.0,13.A3,"3°47'53""N","72°42'38""E",ކަޅަހަންދިހުރާ,އދ
GDh,Kalhahigillaa (U),Kalhahigillaa,U,18.2,21.A5,"0°17'48""N","73°02'02""E",ކަޅަހިގިއްލާ,ގދ
GDh,Kalhahuttaa (U),Kalhahuttaa,U,3.4,21.A5,"0°19'30""N","73°01'33""E",ކަޅަހުއްޓާ,ގދ
L,Kalhaidhoo (I),Kalhaidhoo,I,27.3,19.E4,"1°59'16""N","73°32'12""E",ކަޅައިދޫ,ލ
GDh,Kalhehamalaa (U),Kalhehamalaa,U,<3.0,21.F5,"0°19'03""N","73°28'56""E",ކަޅެހަމަލާ,ގދ
GA,Kalhehuttaa (U),Kalhehuttaa,U,<3.0,20.B2,"0°50'54""N","73°10'43""E",ކަޅެހުއްޓާ,ގއ
GDh,Kalherehaa (U),Kalherehaa,U,29.7,21.D5,"0°15'11""N","73°19'46""E",ކަޅެރެހާ,ގދ
Th,Kalhudhiyafushi (U),Kalhudhiyafushi,U,3.6,18.E5,"2°17'40""N","73°16'35""E",ކަޅުދިޔަފުށި,ތ
Th,Kalhufahalafushi (PR),Kalhufahalafushi,PR,142.3,18.F4,"2°24'23""N","73°21'34""E",ކަޅުފަހަލަފުށި,ތ
K,Kalhuhuraa (U),Kalhuhuraa,U,<3.0,11.B4,"4°00'36""N","73°22'17""E",ކަޅުހުރާ,ކ
Lh,Kalhumanjehuraa (U),Kalhumanjehuraa,U,<3.0,8.C2,"5°33'16""N","73°28'57""E",ކަޅުމަންޖެހުރާ,ޅ
L,Kalhurahaa (U),Kalhurahaa,U,<3.0,19.A6,"1°50'40""N","73°15'24""E",ކަޅުރަހާ,ލ
GA,Kaludirehaa (U),Kaludirehaa,U,4.9,20.F6,"0°26'03""N","73°34'09""E",ކަޅުދިރެހާ,ގއ
B,Kamadhoo (I),Kamadhoo,I,20.2,7.E2,"5°16'54""N","73°08'12""E",ކަމަދޫ,ބ
HDh,Kanamana (U),Kanamana,U,3.1,2.B3,"6°42'18""N","72°53'57""E",ކަނަމަނަ,ހދ
GDh,Kanandhuvaa (U),Kanandhuvaa,U,29.8,21.B6,"0°16'20""N","73°04'07""E",ކަނަންދޫވާ,ގދ
Sh,Kan'baalifaru (PR),Kan'baalifaru,PR,21.5,4.E5,"6°07'26""N","73°15'14""E",ކަނބާލިފަރު,ށ
HA,Kan'daalifinolhu (U),Kan'daalifinolhu,U,3.9,1.E4,"6°55'35""N","73°07'48""E",ކަންޑާލިފިނޮޅު,ހއ
GDh,Kan'dahalagalaa (U),Kan'dahalagalaa,U,7.4,21.C6,"0°13'30""N","73°13'00""E",ކަނޑަހަލަގަލާ,ގދ
L,Kandaru (U),Kandaru,U,5.2,19.E3,"2°03'38""N","73°32'11""E",ކަންދަރު,ލ
AA,Kan'dholhudhoo (U),Kan'dholhudhoo,U,4.8,12.D6,"4°00'09""N","72°52'53""E",ކަނޑޮޅުދޫ,އއ
R,Kan'dholhudhoo (U),Kan'dholhudhoo,U,11.5,6.C5,"5°37'07""N","72°51'18""E",ކަނޑޮޅުދޫ,ރ
R,Kandhoomeehunge lhaan'bugali (U),Kandhoomeehunge lhaan'bugali,U,<3.0,6.C3,"5°43'50""N","72°55'08""E",ކަންދޫމީހުންގެ ޅާންބުގަލި,ރ
S,Kan'dihera gan'du (U),Kan'dihera gan'du,U,<3.0,22.B6,"0°36'54""S","73°08'29""E",ކަނޑިހެރަ ގަނޑު,ސ
Dh,Kan'dinmaa (U),Kan'dinmaa,U,41.2,17.E6,"2°44'25""N","73°00'59""E",ކަނޑިންމާ,ދ
N,Kan'dinmaahuraa (U),Kan'dinmaahuraa,U,<3.0,5.F4,"5°51'27""N","73°28'48""E",ކަނޑިންމާހުރާ,ނ
Sh,Kan'ditheemu (I),Kan'ditheemu,I,87.7,4.A2,"6°26'25""N","72°54'59""E",ކަނޑިތީމު,ށ
Th,Kan'doodhoo (I),Kan'doodhoo,I,79.7,18.A5,"2°19'15""N","72°54'59""E",ކަނޑޫދޫ,ތ
R,Kan'doogan'du (U),Kan'doogan'du,U,<3.0,6.C3,"5°46'51""N","72°52'34""E",ކަނޑޫގަނޑު,ރ
K,Kan'doomaafushi (R),Kan'doomaafushi,R,14.8,11.D6,"3°54'12""N","73°28'24""E",ކަނޑޫމާފުށި,ކ
Th,Kan'dufushi (U),Kan'dufushi,U,<3.0,18.B3,"2°31'53""N","72°59'15""E",ކަނޑުފުށި,ތ
GA,Kan'duhulhudhoo (I),Kan'duhulhudhoo,I,31.0,20.F7,"0°21'03""N","73°32'23""E",ކަނޑުހުޅުދޫ,ގއ
F,Kan'dumoonufushi (U),Kan'dumoonufushi,U,<3.0,16.C2,"3°18'57""N","72°53'52""E",ކަނޑުމޫނުފުށި,ފ
K,Kan'duoiygiri (U) [IND],Kan'duoiygiri,"U, IND",3.8,10.D7,"4°15'28""N","73°32'26""E",ކަނޑުއޮއިގިރި,ކ
GA,Kan'duvilin'gili (U),Kan'duvilin'gili,U,4.2,20.B2,"0°51'58""N","73°11'25""E",ކަނޑުވިލިންގިލި,ގއ
Th,Kani (U),Kani,U,<3.0,18.B7,"2°11'22""N","72°58'24""E",ކަނި,ތ
K,Kanifinolhu (R),Kanifinolhu,R,14.5,10.E6,"4°20'36""N","73°36'29""E",ކަނިފިނޮޅު,ކ
Lh,Kanifushi (PR),Kanifushi,PR,30.0,8.A5,"5°21'56""N","73°20'17""E",ކަނިފުށި,ޅ
Th,Kanimeedhoo (U) [IND],Kanimeedhoo,"U, IND",68.0,18.C6,"2°11'42""N","73°06'41""E",ކަނިމީދޫ,ތ
Dh,Kanneiyfaru (U),Kanneiyfaru,U,<3.0,17.E3,"2°55'26""N","73°01'37""E",ކަންނެއިފަރު,ދ
GDh,Kannigillaa (U),Kannigillaa,U,6.6,21.A4,"0°26'56""N","72°59'54""E",ކަންނިގިއްލާ,ގދ
B,Kanufusheegaathufinolhu (U),Kanufusheegaathufinolhu,U,<3.0,7.C5,"5°00'50""N","72°57'46""E",ކަނުފުށީގާތުފިނޮޅު,ބ
B,Kanufushi (U),Kanufushi,U,11.7,7.C5,"5°00'42""N","72°57'06""E",ކަނުފުށި,ބ
Lh,Kanuhuraa (R),Kanuhuraa,R,14.5,8.D2,"5°31'57""N","73°30'23""E",ކަނުހުރާ,ޅ
L,Kanuhuraa (U),Kanuhuraa,U,<3.0,19.E3,"2°02'44""N","73°31'56""E",ކަނުހުރާ,ލ
K,Kanuoiyhuraa (R),Kanuoiyhuraa,R,7.6,10.D6,"4°19'06""N","73°35'30""E",ކަނުއޮއިހުރާ,ކ
S,Kaohera (U),Kaohera,U,6.4,22.A5,"0°35'20""S","73°05'18""E",ކައޮހެރާ,ސ
N,Karinma (U),Karinma,U,<3.0,5.D7,"5°39'31""N","73°22'19""E",ކަރިންމަ,ނ
N,Karinmavattaru (U),Karinmavattaru,U,45.6,5.E7,"5°40'12""N","73°23'13""E",ކަރިންމާވައްޓަރު,ނ
B,Kashidhoo (U),Kashidhoo,U,7.7,7.C2,"5°17'49""N","72°58'07""E",ކަށިދޫ,ބ
L,Kashidhoo (U),Kashidhoo,U,3.1,19.A5,"1°55'09""N","73°15'12""E",ކަށިދޫ,ލ
B,Kashidhuffarufinolhu (U),Kashidhuffarufinolhu,U,<3.0,7.C2,"5°17'44""N","72°55'55""E",ކަށިދޫއްފަރުފިނޮޅު,ބ
HDh,Kattalafushi (U),Kattalafushi,U,4.3,2.C5,"6°33'59""N","72°58'58""E",ކައްޓަލަފުށި,ހދ
S,Kedevaahera (U),Kedevaahera,U,<3.0,22.D5,"0°34'35""S","73°12'24""E",ކެދެވާހެރާ,ސ
Dh,Kedhigan'du (U),Kedhigan'du,U,5.6,17.B7,"2°41'45""N","72°51'05""E",ކެދިގަނޑު,ދ
N,Kedhivaru (U),Kedhivaru,U,16.2,5.D4,"5°51'07""N","73°20'10""E",ކެދިވަރު,ނ
Sh,Keekimini (U),Keekimini,U,33.6,4.D7,"6°00'26""N","73°06'42""E",ކީކިމިނި,ށ
M,Kekuraalhuveli (U),Kekuraalhuveli,U,<3.0,15.D6,"2°51'07""N","73°32'05""E",ކެކުރާޅުވެލި,މ
HA,Kelaa (I),Kelaa,I,201.7,1.F4,"6°57'16""N","73°12'58""E",ކެލާ,ހއ
GDh,Keleihuttaa (U),Keleihuttaa,U,3.1,21.C6,"0°12'15""N","73°10'46""E",ކެލެއިހުއްޓާ,ގދ
GA,Kendheraa (U),Kendheraa,U,4.6,20.D3,"0°43'36""N","73°17'06""E",ކެންދެރާ,ގއ
N,Ken'dhikulhudhoo (I),Ken'dhikulhudhoo,I,207.7,5.E2,"5°57'08""N","73°24'57""E",ކެންދިކުޅުދޫ,ނ
B,Kendhoo (I),Kendhoo,I,17.9,7.D2,"5°16'31""N","73°00'37""E",ކެންދޫ,ބ
GDh,Keramihthaa (U) [IND],Keramihthaa,"U, IND",41.6,21.A4,"0°23'26""N","73°00'46""E",ކެރަމިހްތާ,ގދ
GA,Kerehdhoo (PR),Kerehdhoo,PR,11.6,20.E4,"0°39'31""N","73°26'19""E",ކެރެހްދޫ,ގއ
GDh,Keyhuvadhoo (U),Keyhuvadhoo,U,7.7,21.A5,"0°19'44""N","73°01'32""E",ކެއިހުވަދޫ,ގދ
HDh,Keylakunu (U),Keylakunu,U,109.6,2.C5,"6°36'09""N","73°00'32""E",ކޭލަކުނު,ހދ
V,Keyodhoo (I),Keyodhoo,I,11.8,14.D5,"3°27'43""N","73°33'00""E",ކެޔޮދޫ,ވ
B,Keyodhoo (U),Keyodhoo,U,4.2,7.D2,"5°16'36""N","72°59'45""E",ކެޔޮދޫ,ބ
B,Kihaadhoo (I),Kihaadhoo,I,31.4,7.E3,"5°12'54""N","73°07'30""E",ކިހާދޫ,ބ
B,Kihaadhuffaru (R),Kihaadhuffaru,R,13.1,7.E3,"5°11'27""N","73°07'56""E",ކިހާދުއްފަރު,ބ
B,Kihavah huravalhi (PR),Kihavah huravalhi,PR,11.8,7.D2,"5°17'45""N","73°03'24""E",ކިހަވައް ހުރަވަޅި,ބ
Th,Kin'bidhoo (I),Kin'bidhoo,I,34.4,18.C7,"2°10'05""N","73°03'57""E",ކިންބިދޫ,ތ
R,Kinolhas (I),Kinolhas,I,54.2,6.E7,"5°26'54""N","73°01'44""E",ކިނޮޅަސް,ރ
Dh,Kiraidhoo (U),Kiraidhoo,U,10.2,17.E5,"2°46'49""N","73°01'30""E",ކިރައިދޫ,ދ
GA,Kisserahaa (U),Kisserahaa,U,<3.0,20.B4,"0°38'59""N","73°08'07""E",ކިއްސެރަހާ,ގއ
GDh,Kodaanahutta (U),Kodaanahutta,U,17.0,21.F5,"0°19'57""N","73°29'52""E",ކޮޑާނަހުއްޓަ,ގދ
S,Kodadhihera gan'du (U),Kodadhihera gan'du,U,<3.0,22.C6,"0°36'47""S","73°08'51""E",ކޮޑަދިހެރަ ގަނޑު,ސ
GA,Kodagehuttaa (U),Kodagehuttaa,U,<3.0,20.B2,"0°50'34""N","73°10'49""E",ކޮޑަގެހުއްޓާ,ގއ
GDh,Kodahutigalaa (U),Kodahutigalaa,U,<3.0,21.C5,"0°17'19""N","73°12'03""E",ކޮޑަހުތިގަލާ,ގދ
GA,Kodahuttaa (U),Kodahuttaa,U,<3.0,20.E4,"0°40'39""N","73°26'21""E",ކޮޑަހުއްޓާ,ގއ
GDh,Kodedhoo (U),Kodedhoo,U,<3.0,21.A4,"0°24'47""N","73°00'19""E",ކޮޑެދޫ,ގދ
GDh,Kodegalaa (U),Kodegalaa,U,4.7,21.E5,"0°22'04""N","73°23'29""E",ކޮޑެގަލާ,ގދ
GDh,Koderataa (U),Koderataa,U,<3.0,21.A5,"0°22'04""N","73°01'31""E",ކޮޑެރަޓާ,ގދ
GA,Kodeymatheelaabadhoo (PR),Kodeymatheelaabadhoo,PR,8.8,20.E6,"0°30'20""N","73°29'54""E",ކޮޑޭމަތީލާބަދޫ,ގއ
GA,Kodeyvilin'gili (U),Kodeyvilin'gili,U,4.7,20.F5,"0°30'48""N","73°32'32""E",ކޮޑޭވިލިނގިލި,ގއ
K,Kohdhipparufinolhu (U) [IND],Kohdhipparufinolhu,"U, IND",<3.0,10.B7,"4°15'37""N","73°22'50""E",ކޮށްދިއްޕަރުފިނޮޅު,ކ
L,Kokurahaa (U),Kokurahaa,U,<3.0,19.A6,"1°51'15""N","73°15'17""E",ކޮކުރަހާ,ލ
Th,Kolafushi (U),Kolafushi,U,<3.0,18.E6,"2°15'50""N","73°13'24""E",ކޮޅަފުށި,ތ
GA,Kolamaafushi (I),Kolamaafushi,I,34.6,20.B2,"0°50'16""N","73°11'03""E",ކޮލަމާފުށި,ގއ
M,Kolhufushi (I),Kolhufushi,I,85.1,15.B7,"2°46'47""N","73°25'31""E",ކޮޅުފުށި,މ
Th,Kolhufushi (U),Kolhufushi,U,4.6,18.F5,"2°21'53""N","73°21'48""E",ކޮޅުފުށި,ތ
Sh,Komandoo (I),Komandoo,I,10.3,4.C6,"6°03'14""N","73°03'15""E",ކޮމަންޑޫ,ށ
Lh,Komandoo (R),Komandoo,R,4.3,8.B3,"5°29'36""N","73°25'27""E",ކޮމަންޑޫ,ޅ
GA,Kon'dey (I),Kon'dey,I,116.2,20.F6,"0°29'55""N","73°32'56""E",ކޮނޑޭ,ގއ
GDh,Konottaa (PR),Konottaa,PR,8.8,21.B4,"0°27'45""N","73°09'16""E",ކޮނޮއްޓާ,ގދ
GA,Kooddoo (U) [IND],Kooddoo,"U, IND",73.4,20.E3,"0°43'59""N","73°26'00""E",ކޫއްޑޫ,ގއ
R,Kothaifaru (U),Kothaifaru,U,11.7,6.C6,"5°31'31""N","72°50'34""E",ކޮތައިފަރު,ރ
R,Kottefaru (U),Kottefaru,U,12.5,6.E6,"5°30'34""N","73°02'31""E",ކޮއްޓެފަރު,ރ
V,Kuda anbaraa (U),Kuda anbaraa,U,<3.0,14.B5,"3°25'37""N","73°25'29""E",ކުޑަ އަންބަރާ,ވ
L,Kuda mungnafushi (U),Kuda mungnafushi,U,<3.0,19.B4,"1°59'29""N","73°18'45""E",ކުޑަ މުންގަނަފުށި,ލ
M,Kuda usfushi (PR),Kuda usfushi,PR,8.2,15.C7,"2°49'06""N","73°26'37""E",ކުޑަ އުސްފުށި,މ
K,Kudaban'dos (U),Kudaban'dos,U,4.6,10.C7,"4°15'49""N","73°29'59""E",ކުޑަބަނޑޮސް,ކ
ADh,Kudadhoo (U),Kudadhoo,U,<3.0,13.D7,"3°28'44""N","72°52'18""E",ކުޑަދޫ,އދ
B,Kudadhoo (U),Kudadhoo,U,<3.0,7.D5,"5°01'43""N","72°59'29""E",ކުޑަދޫ,ބ
Lh,Kudadhoo (U),Kudadhoo,U,<3.0,8.B3,"5°30'10""N","73°26'00""E",ކުޑަދޫ,ޅ
Sh,Kudadhoo (U),Kudadhoo,U,3.6,4.A2,"6°26'09""N","72°54'26""E",ކުޑަދޫ,ށ
Th,Kudadhoo (U),Kudadhoo,U,<3.0,18.A5,"2°18'32""N","72°57'05""E",ކުޑަދޫ,ތ
L,Kudafares (U),Kudafares,U,<3.0,19.B7,"1°47'48""N","73°18'01""E",ކުޑަފަރެސް,ލ
N,Kudafari (I),Kudafari,I,28.8,5.E4,"5°52'57""N","73°24'00""E",ކުޑަފަރި,ނ
HDh,Kudafarufasgandu (U),Kudafarufasgandu,U,<3.0,2.B3,"6°42'44""N","72°55'30""E",ކުޑަފަރުފަސްގަނޑު,ހދ
Sh,Kudafarufinolhu (U),Kudafarufinolhu,U,<3.0,4.C6,"6°03'49""N","73°02'38""E",ކުޑަފަރުފިނޮޅު,ށ
R,Kudafen maaen'boodhoo (U),Kudafen maaen'boodhoo,U,<3.0,6.D5,"5°37'30""N","72°56'07""E",ކުޑަފެން މާއެނބޫދޫ,ރ
L,Kudafenrehaa (U),Kudafenrehaa,U,<3.0,19.B6,"1°48'34""N","73°17'20""E",ކުޑަފެންރެހާ,ލ
HA,Kudafinolhu (U),Kudafinolhu,U,3.6,1.B3,"6°59'22""N","72°53'00""E",ކުޑަފިނޮޅު,ހއ
K,Kudafinolhu (U),Kudafinolhu,U,<3.0,11.D6,"3°51'54""N","73°27'30""E",ކުޑަފިނޮޅު,ކ
AA,Kudafolhudhoo (R),Kudafolhudhoo,R,5.1,12.B4,"4°10'52""N","72°46'01""E",ކުޑަފޮޅުދޫ,އއ
N,Kudafunafaru (PR),Kudafunafaru,PR,18.8,5.D4,"5°53'07""N","73°22'40""E",ކުޑަފުނަފަރު,ނ
L,Kudafushi (U),Kudafushi,U,12.7,19.B7,"1°47'19""N","73°19'55""E",ކުޑަފުށި,ލ
N,Kudafushi (U),Kudafushi,U,<3.0,5.E6,"5°42'10""N","73°24'46""E",ކުޑަފުށި,ނ
R,Kudafushi (U),Kudafushi,U,10.4,6.D6,"5°30'38""N","72°58'49""E",ކުޑަފުށި,ރ
K,Kudahithi (R),Kudahithi,R,<3.0,10.B5,"4°25'01""N","73°22'48""E",ކުޑަހިތި,ކ
K,Kudahuraa (R),Kudahuraa,R,7.3,10.D6,"4°19'41""N","73°35'51""E",ކުޑަހުރާ,ކ
Dh,"Kudahuvadhoo (I) [ADF, H]",Kudahuvadhoo,"I, ADF, H",71.7,17.C7,"2°40'16""N","72°53'38""E",ކުޑަހުވަދޫ,ދ
Th,Kudakaaddoo (U),Kudakaaddoo,U,<3.0,18.E5,"2°17'07""N","73°15'33""E",ކުޑަކާއުއްޑޫ,ތ
Th,Kudakin'bidhoo (U),Kudakin'bidhoo,U,<3.0,18.C7,"2°09'51""N","73°03'46""E",ކުޑަކިންބިދޫ,ތ
R,Kudakurathu (U),Kudakurathu,U,37.6,6.E5,"5°35'01""N","73°02'40""E",ކުޑަކުރަތު,ރ
GA,Kudalafari (U),Kudalafari,U,4.9,20.D2,"0°53'41""N","73°21'06""E",ކުޑަލަފަރި,ގއ
Sh,Kudalhaimendhoo (U),Kudalhaimendhoo,U,14.7,4.F7,"6°00'54""N","73°17'44""E",ކުޑަޅައިމެންދޫ,ށ
R,Kudalhosgiri (U),Kudalhosgiri,U,<3.0,6.C5,"5°36'06""N","72°54'51""E",ކުޑަލްހޮސްގިރި,ރ
L,Kudamaabulhali (U),Kudamaabulhali,U,<3.0,19.A6,"1°50'50""N","73°15'10""E",ކުޑަމާބުޅަލި,ލ
S,Kudamaahera (U),Kudamaahera,U,<3.0,22.A5,"0°35'52""S","73°05'20""E",ކުޑަމާހެރަ,ސ
HDh,Kudamuraidhoo (PR),Kudamuraidhoo,PR,33.7,2.B4,"6°38'34""N","72°55'12""E",ކުޑަމުރައިދޫ,ހދ
ADh,Kudarah (R),Kudarah,R,3.6,13.D6,"3°34'26""N","72°54'38""E",ކުޑަރަށް,އދ
L,Kudarah (U),Kudarah,U,<3.0,19.E3,"2°03'53""N","73°32'12""E",ކުޑަރަށް,ލ
N,Kudarah (U),Kudarah,U,<3.0,5.D4,"5°49'58""N","73°18'50""E",ކުޑަރަށް,ނ
B,Kudarikilu (I),Kudarikilu,I,18.7,7.E2,"5°18'01""N","73°04'15""E",ކުދަރިކިލު,ބ
R,Kudathulhaadhoo (U),Kudathulhaadhoo,U,<3.0,6.C7,"5°24'26""N","72°53'55""E",ކުޑަތުޅާދޫ,ރ
L,Kudavoshi (U),Kudavoshi,U,3.1,19.A6,"1°49'28""N","73°16'55""E",ކުޑަވޮށި,ލ
GDh,Kudhehulhehdhoo (U),Kudhehulhehdhoo,U,4.2,21.A4,"0°27'07""N","72°59'58""E",ކުދެހުޅެހްދޫ,ގދ
GDh,Kudhelifadhoo (U),Kudhelifadhoo,U,7.1,21.A4,"0°23'10""N","73°00'45""E",ކުދެލިފަދޫ,ގދ
GDh,Kudhemaaneidhoo (U),Kudhemaaneidhoo,U,13.5,21.B6,"0°15'29""N","73°05'57""E",ކުދެމާނެއިދޫ,ގދ
GDh,Kudherataa (U),Kudherataa,U,<3.0,21.A3,"0°30'02""N","72°59'22""E",ކުދެރަޓާ,ގދ
V,Kudhiboli (U),Kudhiboli,U,<3.0,14.B3,"3°38'11""N","73°21'53""E",ކުދިބޮލި,ވ
R,Kukulhudhoo (U),Kukulhudhoo,U,3.0,6.C7,"5°27'32""N","72°52'15""E",ކުކުޅުދޫ,ރ
HDh,Kulhudhuffushi (I),Kulhudhuffushi,I,199.6,2.D5,"6°37'24""N","73°04'11""E",ކުޅުދުއްފުށި,ހދ
HDh,Kumundhoo (I),Kumundhoo,I,187.9,2.D5,"6°34'19""N","73°03'08""E",ކުމުންދޫ,ހދ
L,Kunahandhoo (I),Kunahandhoo,I,91.6,19.C7,"1°46'58""N","73°22'05""E",ކުނަހަންދޫ,ލ
ADh,Kun'burudhoo (I),Kun'burudhoo,I,5.6,13.E3,"3°46'32""N","72°55'30""E",ކުންބުރުދޫ,އދ
HDh,Kun'burudhoo (I),Kun'burudhoo,I,51.9,2.C4,"6°39'29""N","73°01'38""E",ކުންބުރުދޫ,ހދ
B,Kunfunadhoo (R),Kunfunadhoo,R,43.4,7.E4,"5°06'44""N","73°04'38""E",ކުންފުނަދޫ,ބ
N,Kunnamalei (U),Kunnamalei,U,8.6,5.A3,"5°57'10""N","73°07'59""E",ކުންނަމަލެއި,ނ
M,Kuradhigan'du (U),Kuradhigan'du,U,<3.0,15.B7,"2°46'26""N","73°22'21""E",ކުރަދިގަނޑު,މ
N,Kuramaadhoo (U),Kuramaadhoo,U,18.0,5.A4,"5°52'23""N","73°08'37""E",ކުރަމާދޫ,ނ
AA,Kuramathi (R),Kuramathi,R,31.0,12.F2,"4°15'33""N","72°58'45""E",ކުރަމަތި,އއ
Th,Kuran'dhuvaru (U),Kuran'dhuvaru,U,<3.0,18.D2,"2°32'21""N","73°10'33""E",ކުރަންދޫވަރު,ތ
Lh,Kurehdhoo (R),Kurehdhoo,R,39.1,8.C2,"5°32'59""N","73°27'57""E",ކުރެދްދޫ,ޅ
R,Kurehdhoo (U),Kurehdhoo,U,3.3,6.C5,"5°38'26""N","72°53'39""E",ކުރެދްދޫ,ރ
Th,Kuredhifushi (U),Kuredhifushi,U,9.1,18.B7,"2°10'03""N","73°02'02""E",ކުރެދިފުށި,ތ
L,Kuredhirehaa (U),Kuredhirehaa,U,4.5,19.C7,"1°46'50""N","73°21'13""E",ކުރެދިރެހާ,ލ
N,Kuredhivaru (U),Kuredhivaru,U,7.7,5.D4,"5°52'30""N","73°20'35""E",ކުރެދިވަރު,ނ
Lh,Kurendhoo (I),Kurendhoo,I,21.3,8.C5,"5°20'02""N","73°27'49""E",ކުރެންދޫ,ޅ
HDh,Kurin'bee (I),Kurin'bee,I,41.7,2.C4,"6°39'55""N","72°59'47""E",ކުރިންބީ,ހދ
R,Kuroshigiri (U),Kuroshigiri,U,<3.0,6.C6,"5°30'49""N","72°51'00""E",ކުރޮށިގިރި,ރ
GDh,Laihaa (U),Laihaa,U,<3.0,21.D6,"0°15'06""N","73°20'28""E",ލައިހާ,ގދ
B,Lan'daagiraavaru (R),Lan'daagiraavaru,R,20.0,7.E2,"5°17'10""N","73°06'43""E",ލަންޑާ ގިރާވަރު,ބ
N,Landhoo (I),Landhoo,I,86.8,5.F4,"5°52'53""N","73°27'58""E",ލަންދޫ,ނ
K,Lankanfinolhu (R),Lankanfinolhu,R,23.9,10.D6,"4°17'06""N","73°33'13""E",ލަންކަންފިނޮޅު,ކ
K,Lankanfushi (R),Lankanfushi,R,8.6,10.D6,"4°17'41""N","73°33'29""E",ލަންކަންފުށި,ކ
R,Lhaan'bugali (U),Lhaan'bugali,U,3.0,6.C6,"5°33'07""N","72°52'37""E",ޅާންބުގަލި,ރ
Sh,Lhaimagu (I),Lhaimagu,I,43.9,4.E5,"6°09'50""N","73°15'05""E",ޅައިމަގު,ށ
Th,Lhavaddoo (U),Lhavaddoo,U,3.9,18.E5,"2°18'20""N","73°17'28""E",ޅަވައްދޫ,ތ
N,Lhohi (I),Lhohi,I,40.4,5.D5,"5°48'58""N","73°22'39""E",ޅޮހި,ނ
Dh,Lhohi (U),Lhohi,U,7.6,17.E2,"2°57'25""N","72°59'08""E",ޅޮހި,ދ
Lh,Lhohi (U),Lhohi,U,11.3,8.C5,"5°19'17""N","73°28'22""E",ޅޮހި,ޅ
R,Lhohi (U),Lhohi,U,5.4,6.C7,"5°27'41""N","72°53'06""E",ޅޮހި,ރ
K,Lhohifushi (R),Lhohifushi,R,19.3,10.E6,"4°21'02""N","73°37'05""E",ޅޮހިފުށި,ކ
K,Lhosfushi (U),Lhosfushi,U,<3.0,11.D6,"3°53'49""N","73°28'11""E",ޅޮސްފުށި,ކ
GA,Lhossaa (U),Lhossaa,U,10.9,20.B2,"0°49'11""N","73°12'06""E",ޅޮއްސާ,ގއ
Lh,Lhossalafushi (U),Lhossalafushi,U,28.8,8.C6,"5°18'27""N","73°28'58""E",ޅޮއްސަލަފުށި,ޅ
N,Loafaru (U),Loafaru,U,11.7,5.C5,"5°47'08""N","73°16'33""E",ލޯފަރު,ނ
ADh,Lonuboi (U),Lonuboi,U,<3.0,13.D6,"3°36'11""N","72°54'02""E",ލޮނުބޮއި,އދ
GDh,Lonudhoo (U),Lonudhoo,U,6.1,21.E5,"0°18'30""N","73°24'47""E",ލޮނުދޫ,ގދ
GDh,Lonudhoohuttaa (PR),Lonudhoohuttaa,PR,8.0,21.E5,"0°18'06""N","73°25'00""E",ލޮނުދޫހުއްޓާ,ގދ
R,Lun'boakandhoo (U),Lun'boakandhoo,U,19.1,6.D3,"5°43'50""N","72°56'03""E",ލުންބޯކަންދޫ,ރ
R,Lun'dhufushi (PR),Lun'dhufushi,PR,6.3,6.D4,"5°38'38""N","72°59'12""E",ލުންދުފުށި,ރ
M,Maa usfushi (U),Maa usfushi,U,10.4,15.B7,"2°48'14""N","73°26'01""E",މާ އުސްފުށި,މ
L,Maabaidhoo (I),Maabaidhoo,I,51.6,19.E3,"2°01'44""N","73°31'57""E",މާބައިދޫ,ލ
Lh,Maabinhuraa (U),Maabinhuraa,U,39.4,8.F5,"5°20'13""N","73°39'07""E",މާބިންހުރާ,ޅ
B,Maaddoo (U),Maaddoo,U,29.6,7.D4,"5°05'34""N","73°03'45""E",މާއްދޫ,ބ
Dh,Maadheli (U) [IND],Maadheli,"U, IND",23.7,17.B4,"2°53'03""N","72°50'14""E",މާދެލި,ދ
GA,Maadhigavara (U),Maadhigavara,U,<3.0,20.C4,"0°41'18""N","73°16'00""E",މާދިގަވަރަ,ގއ
K,Maadhoo (U),Maadhoo,U,4.3,11.D6,"3°52'15""N","73°27'31""E",މާދޫ,ކ
GDh,Maaehivakaa (U),Maaehivakaa,U,6.7,21.A5,"0°16'59""N","73°03'34""E",މާއެހިވަކާ,ގދ
Dh,Maaen'boodhoo (I),Maaen'boodhoo,I,20.4,17.D7,"2°41'44""N","72°57'47""E",މާއެނބޫދޫ,ދ
HA,Maafahi (U) [IND],Maafahi,"U, IND",99.1,1.E5,"6°49'42""N","73°09'23""E",މާފަހި,ހއ
N,"Maafaru (I) [ADF, H]",Maafaru,"I, ADF, H",130.5,5.F4,"5°49'31""N","73°28'28""E",މާފަރު,ނ
GA,Maafehelaa (U),Maafehelaa,U,49.4,20.F7,"0°22'46""N","73°33'10""E",މާފެހެލާ,ގއ
Lh,Maafilaafushi (U),Maafilaafushi,U,57.7,8.B5,"5°21'45""N","73°24'58""E",މާފިލާފުށި,ޅ
HA,Maafinolhu (U),Maafinolhu,U,14.6,1.B3,"7°00'08""N","72°51'44""E",މާފިނޮޅު,ހއ
N,Maafunafaru (U),Maafunafaru,U,25.2,5.D4,"5°51'39""N","73°21'58""E",މާފުނަފަރު,ނ
K,Maafushi (I),Maafushi,I,36.0,11.D5,"3°56'26""N","73°29'22""E",މާފުށި,ކ
Dh,Maafushi (PR),Maafushi,PR,11.0,17.B7,"2°41'17""N","72°51'33""E",މާފުށި,ދ
F,Maafushi (U),Maafushi,U,<3.0,16.E3,"3°14'36""N","72°58'43""E",މާފުށި,ފ
L,Maafushi (U),Maafushi,U,<3.0,19.B7,"1°47'30""N","73°20'00""E",މާފުށި,ލ
ADh,Maafushivaru (R),Maafushivaru,R,3.0,13.D6,"3°36'28""N","72°54'01""E",މާފުށިވަރު,އދ
GDh,Maagalaa (U),Maagalaa,U,3.9,21.E5,"0°22'09""N","73°22'45""E",މާގަލާ,ގދ
AA,Maagau (U),Maagau,U,<3.0,12.E7,"3°59'20""N","72°57'25""E",މާގައު,އއ
Dh,Maagau (U),Maagau,U,6.0,17.C2,"2°56'52""N","72°54'51""E",މާގައު,ދ
GA,Maagihuttaa (U),Maagihuttaa,U,3.3,20.B2,"0°50'44""N","73°10'46""E",މާގިހުއްޓާ,ގއ
GDh,Maagon'derehaa (U),Maagon'derehaa,U,7.9,21.A3,"0°30'23""N","72°59'26""E",މާގޮނޑެރެހާ,ގދ
Th,Maagulhi (U),Maagulhi,U,4.1,18.D2,"2°32'17""N","73°10'46""E",މާގުޅި,ތ
S,Maahera (U),Maahera,U,4.1,22.A5,"0°35'41""S","73°05'24""E",މާހެރަ,ސ
M,Maahuraa (U),Maahuraa,U,9.8,15.B7,"2°47'53""N","73°25'56""E",މާހުރާ,މ
L,Maakalhuveli (U),Maakalhuveli,U,5.2,19.B7,"1°47'20""N","73°20'24""E",މާކަޅުވެލި,ލ
N,Maakanaafushi (U),Maakanaafushi,U,<3.0,5.E6,"5°43'39""N","73°24'58""E",މާކަނާފުށި,ނ
GA,Maakanaarataa (U),Maakanaarataa,U,<3.0,20.B2,"0°48'43""N","73°12'25""E",މާކަނާރަޓާ,ގއ
Sh,Maakan'doodhoo (U),Maakan'doodhoo,U,88.4,4.E4,"6°14'05""N","73°16'02""E",މާކަންޑޫދޫ,ށ
Lh,Maakoa (U),Maakoa,U,24.6,8.B5,"5°21'26""N","73°25'49""E",މާކޯ,ޅ
N,Maakurandhoo (U),Maakurandhoo,U,27.4,5.C6,"5°41'47""N","73°18'42""E",މާކުރަންދޫ,ނ
R,Maakurathu (I),Maakurathu,I,50.3,6.E5,"5°36'21""N","73°02'38""E",މާކުރަތު,ރ
Dh,Maalefaru (U),Maalefaru,U,<3.0,17.E4,"2°52'55""N","73°01'32""E",މާލެފަރު,ދ
Th,Maalefushi (PR),Maalefushi,PR,10.1,18.E5,"2°18'37""N","73°17'53""E",މާލެފުށި,ތ
M,Maalhaveli (U),Maalhaveli,U,<3.0,15.E5,"2°54'16""N","73°34'44""E",މާޅަވެލި,މ
N,Maalhendhoo (I),Maalhendhoo,I,48.4,5.F3,"5°54'07""N","73°27'22""E",މާޅެންދޫ,ނ
AA,Maalhos (I),Maalhos,I,31.9,12.A7,"3°59'13""N","72°43'11""E",މާޅޮސް,އއ
B,Maalhos (I),Maalhos,I,25.6,7.E4,"5°08'04""N","73°06'28""E",މާޅޮސް,ބ
GDh,Maallaarehaa (U),Maallaarehaa,U,<3.0,21.A3,"0°29'33""N","72°59'17""E",މާއްލާރެހާ,ގދ
B,Maamaduvvari (U),Maamaduvvari,U,35.9,7.C5,"5°00'32""N","72°56'30""E",މާމަޑުއްވަރި,ބ
GA,Maamendhoo (I),Maamendhoo,I,51.7,20.E3,"0°42'50""N","73°26'21""E",މާމެންދޫ,ގއ
L,Maamendhoo (I),Maamendhoo,I,19.4,19.C6,"1°49'01""N","73°23'22""E",މާމެންދޫ,ލ
ADh,Maamin'gili (I) [ADF],Maamin'gili,"I, ADF",74.8,13.C8,"3°28'34""N","72°50'12""E",މާމިނގިލި,އދ
R,Maamin'gili (U),Maamin'gili,U,6.9,6.C4,"5°39'03""N","72°53'05""E",މާމިނގިލި,ރ
R,Maamunagau (U),Maamunagau,U,8.4,6.C8,"5°21'37""N","72°55'08""E",މާމުނަގައު,ރ
R,Maamunagaufinolhu (U),Maamunagaufinolhu,U,<3.0,6.C8,"5°22'10""N","72°52'33""E",މާމުނަގައުފިނޮޅު,ރ
GA,Maamutaa (U),Maamutaa,U,20.8,20.D2,"0°50'46""N","73°24'29""E",މާމުޓާ,ގއ
L,Maandhoo (U) [IND],Maandhoo,"U, IND",67.8,19.E6,"1°52'25""N","73°31'41""E",މާންދޫ,ލ
R,Maanenfushi (PR),Maanenfushi,PR,19.4,6.D3,"5°45'03""N","72°57'40""E",މާއެނފުށި,ރ
HA,Maarandhoo (I),Maarandhoo,I,43.6,1.C5,"6°51'09""N","72°59'02""E",މާރަންދޫ,ހއ
GA,Maarandhoo (U),Maarandhoo,U,5.1,20.B2,"0°51'13""N","73°12'33""E",މާރަންދޫ,ގއ
HA,Maarandhoofarufinolhu (U),Maarandhoofarufinolhu,U,<3.0,1.C5,"6°49'43""N","72°58'19""E",މާރަންދޫފަރުފިނޮޅު,ހއ
GA,Maarehaa (U),Maarehaa,U,17.0,20.F6,"0°27'41""N","73°33'50""E",މާރެހާ,ގއ
GDh,Maarehaa (U) [IND],Maarehaa,"U, IND",9.2,21.C6,"0°11'29""N","73°11'49""E",މާރެހާ,ގދ
B,Maarikilu (U),Maarikilu,U,27.4,7.C2,"5°20'05""N","72°57'09""E",މާރިކިލު,ބ
R,Maashigiri (U),Maashigiri,U,11.3,6.B6,"5°30'50""N","72°49'36""E",މާށިގިރި,ރ
Sh,Maaun'goodhoo (I),Maaun'goodhoo,I,28.8,4.F6,"6°02'12""N","73°17'01""E",މާއުނގޫދޫ,ށ
GDh,Maavaarulu (U),Maavaarulu,U,92.7,21.F5,"0°20'11""N","73°30'35""E",މާވާރުލު,ގދ
N,Maavahdhoo (U),Maavahdhoo,U,12.3,5.D5,"5°48'53""N","73°19'34""E",މާވަހްދޫ,ނ
GDh,"Maavadhhuva (U) [ADF, H]",Maavadhhuva,"U, ADF, H",8.6,21.F5,"0°18'32""N","73°28'21""E",މާވަޑުވާ,ގދ
L,Maavah (I),Maavah,I,40.6,19.A5,"1°53'08""N","73°14'35""E",މާވަށް,ލ
HDh,Maavaidhoo (I),Maavaidhoo,I,42.4,2.D6,"6°30'55""N","73°03'13""E",މާވައިދޫ,ހދ
N,Maavelavaru (PR),Maavelavaru,PR,45.4,5.A5,"5°48'19""N","73°10'17""E",މާވެލަވަރު,ނ
L,Maaveshi (U),Maaveshi,U,<3.0,19.A6,"1°49'59""N","73°16'17""E",މާވެށި,ލ
AA,Maayafushi (R),Maayafushi,R,3.2,12.D5,"4°04'25""N","72°53'15""E",މާޔާފުށި,އއ
ADh,Machchafushi (R),Machchafushi,R,4.2,13.D6,"3°35'37""N","72°53'00""E",މަޗްޗަފުށި,އދ
GDh,Madaveli (I),Madaveli,I,41.4,21.A4,"0°27'31""N","72°59'54""E",މަޑަވެލި,ގދ
Lh,Madhiriguraidhoo (R),Madhiriguraidhoo,R,24.8,8.D3,"5°28'09""N","73°33'36""E",މަދިރިގުރައިދޫ,ޅ
B,Madhirivaadhoo (U),Madhirivaadhoo,U,5.4,7.E2,"5°16'07""N","73°09'39""E",މަދިރިވާދޫ,ބ
Sh,Madidhoo (U) [IND],Madidhoo,"U, IND",104.4,4.D3,"6°18'09""N","73°06'32""E",މަޑިދޫ,ށ
Th,Madifushi (I),Madifushi,I,19.3,18.F5,"2°21'24""N","73°21'17""E",މަޑިފުށި,ތ
M,Madifushi (U),Madifushi,U,11.6,15.F3,"3°04'51""N","73°38'18""E",މަޑިފުށި,މ
Sh,Madikurehdhoo (U) [IND],Madikurehdhoo,"U, IND",46.7,4.D3,"6°17'03""N","73°09'03""E",މަޑިކުރެދްދޫ,ށ
R,Madivaafaru (U),Madivaafaru,U,<3.0,6.D5,"5°36'29""N","72°59'22""E",މަޑިވާފަރު,ރ
AA,Madivaru (U),Madivaru,U,<3.0,12.F2,"4°15'55""N","73°00'00""E",މަޑިވަރު,އއ
K,Madivaru (U),Madivaru,U,<3.0,10.B4,"4°30'02""N","73°22'05""E",މަޑިވަރު,ކ
Lh,Madivaru (U),Madivaru,U,30.1,8.B3,"5°27'32""N","73°22'13""E",މަޑިވަރު,ޅ
AA,Madivarufinolhu (U),Madivarufinolhu,U,<3.0,12.F2,"4°16'05""N","72°59'59""E",މަޑިވަރުފިނޮޅު,އއ
F,Madivaruhuraa (U),Madivaruhuraa,U,<3.0,16.E3,"3°16'00""N","73°00'38""E",މަޑިވަރުހުރާ,ފ
AA,Madoogali (R),Madoogali,R,7.1,12.B5,"4°05'45""N","72°45'10""E",މަޑޫގަލި,އއ
HA,Madulu (U),Madulu,U,16.6,1.C3,"7°03'17""N","72°57'11""E",މަޑުލު,ހއ
M,Maduvvari (I),Maduvvari,I,8.6,15.E2,"3°06'18""N","73°34'22""E",މަޑުއްވަރި,މ
R,Maduvvari (I),Maduvvari,I,20.6,6.C6,"5°29'10""N","72°53'45""E",މަޑުއްވަރި,ރ
Lh,Maduvvari (U),Maduvvari,U,25.0,8.C6,"5°17'05""N","73°30'07""E",މަޑުއްވަރި,ޅ
F,Magoodhoo (I),Magoodhoo,I,22.1,16.D6,"3°04'42""N","72°57'50""E",މަގޫދޫ,ފ
N,Magoodhoo (I),Magoodhoo,I,37.2,5.D5,"5°46'35""N","73°21'44""E",މަގޫދޫ,ނ
F,Magoodhoo bodufinolhu (U),Magoodhoo bodufinolhu,U,<3.0,16.D6,"3°04'28""N","72°57'11""E",މަގޫދޫ ބޮޑުފިނޮޅު,ފ
GDh,Maguhdhuvaa (PR),Maguhdhuvaa,PR,14.6,21.E6,"0°16'38""N","73°21'24""E",މަގުއްދޫވާ,ގދ
K,Mahaana elhihuraa (R),Mahaana elhihuraa,R,4.2,11.C7,"3°48'43""N","73°24'41""E",މަހާނަ އެޅިހުރާ,ކ
GA,Mahahdhoo (PR),Mahahdhoo,PR,13.6,20.F5,"0°35'02""N","73°30'47""E",މަހައްދޫ,ގއ
L,Mahakanfushi (U),Mahakanfushi,U,5.7,19.E4,"1°57'32""N","73°32'25""E",މަހަކަންފުށި,ލ
ADh,Mahibadhoo (I),Mahibadhoo,I,22.3,13.E3,"3°45'25""N","72°58'09""E",މަހިބަދޫ,އދ
R,Mahidhoo (U),Mahidhoo,U,<3.0,6.D6,"5°32'15""N","72°56'38""E",މަހިދޫ,ރ
Lh,Maidhoo (U),Maidhoo,U,21.2,8.F4,"5°23'51""N","73°38'55""E",މައިދޫ,ޅ
K,Maifalhuhuraa (U),Maifalhuhuraa,U,<3.0,10.D2,"4°37'48""N","73°34'14""E",މައިފަޅުހުރާ,ކ
Sh,Mairah (U),Mairah,U,7.7,4.C7,"6°01'09""N","73°05'16""E",މައިރަށް,ށ
K,Makunudhoo (R),Makunudhoo,R,3.2,10.B3,"4°32'33""N","73°24'20""E",މަކުނުދޫ,ކ
HDh,Makunudhoo (I),Makunudhoo,I,73.2,3.C4,"6°24'34""N","72°42'18""E",މަކުނުދޫ,ހދ
F,Makunueri (U),Makunueri,U,<3.0,16.D3,"3°15'30""N","72°55'43""E",މަކުނުއެރި,ފ
K,Makunufushi (R),Makunufushi,R,<3.0,11.D5,"3°55'04""N","73°28'11""E",މަކުނުފުށި,ކ
K,Male' (I) [H],Male',"I, H",193.2,10.C8,"4°10'27""N","73°30'35""E",މާލެ,ކ
N,Manadhoo (I),Manadhoo,I,106.7,5.E5,"5°45'56""N","73°24'38""E",މަނަދޫ,ނ
HA,Manafaru (R),Manafaru,R,15.0,1.C3,"6°59'49""N","72°56'23""E",މަނަފަރު,ހއ
ADh,Mandhoo (I),Mandhoo,I,39.1,13.A4,"3°41'52""N","72°42'34""E",މަންދޫ,އދ
K,Maniyafushi (U) [IND],Maniyafushi,"U, IND",<3.0,11.C3,"4°03'21""N","73°24'40""E",މަނިޔަފުށި,ކ
S,Maradhoo (I),Maradhoo,I,57.8,22.B7,"0°39'56""S","73°07'08""E",މަރަދޫ,ސ
S,Maradhoofeydhoo (I),Maradhoofeydhoo,I,34.3,22.B7,"0°40'25""S","73°07'33""E",މަރަދޫފޭދޫ,ސ
Sh,Maroshi (I),Maroshi,I,30.8,4.C4,"6°12'34""N","73°03'40""E",މަރޮށި,ށ
Lh,Mas leggihuraa (U),Mas leggihuraa,U,<3.0,8.D2,"5°32'37""N","73°30'03""E",މަސްލެގިހުރާ,ޅ
GDh,Mathaidhuvaa (U),Mathaidhuvaa,U,3.9,21.A5,"0°18'36""N","73°01'32""E",މަތައިދޫވާ,ގދ
HA,Matheerah (U),Matheerah,U,5.9,1.A3,"7°01'39""N","72°49'08""E",މަތީރަށް,ހއ
Th,Mathidhoo (U),Mathidhoo,U,6.9,18.F5,"2°20'46""N","73°20'34""E",މަތިދޫ,ތ
B,Mathifaru (U),Mathifaru,U,<3.0,7.B8,"4°48'56""N","72°53'25""E",މަތިފަރު,ބ
GDh,Mathihutta (U),Mathihutta,U,5.6,21.D6,"0°15'20""N","73°20'26""E",މަތިހުއްޓާ,ގދ
GDh,Mathikeranahuttaa (U),Mathikeranahuttaa,U,4.6,21.A4,"0°24'01""N","73°00'21""E",މަތިކެރަނަހުއްޓާ,ގދ
Sh,Mathikomandoo (U),Mathikomandoo,U,8.8,4.C6,"6°03'25""N","73°02'45""E",މަތިކޮމަންޑޫ,ށ
AA,Mathivereefinolhu (U),Mathivereefinolhu,U,<3.0,12.B4,"4°11'06""N","72°45'02""E",މަތިވެރިފިނޮޅު,އއ
AA,Mathiveri (I),Mathiveri,I,21.9,12.B4,"4°11'30""N","72°44'46""E",މަތިވެރި,އއ
GA,Maththidhoo (U),Maththidhoo,U,<3.0,20.D4,"0°40'10""N","73°22'04""E",މައްތިދޫ,ގއ
GA,Mahthurehaa (U),Mahthurehaa,U,13.1,20.F7,"0°22'06""N","73°33'10""E",މަހްތުރެހާ,ގއ
GA,Matu (U),Matu,U,5.9,20.D2,"0°52'59""N","73°20'19""E",މަޓު,ގއ
Lh,Medha adihuraa (U),Medha adihuraa,U,<3.0,8.D2,"5°32'27""N","73°30'10""E",މެދަ އަޑިހުރާ,ޅ
N,Medhafushi (PR),Medhafushi,PR,20.8,5.D6,"5°44'39""N","73°19'26""E",މެދަފުށި,ނ
HA,Medhafushi (U),Medhafushi,U,10.9,1.C3,"7°00'38""N","72°56'02""E",މެދަފުށި,ހއ
Lh,Medhafushi (U),Medhafushi,U,<3.0,8.B5,"5°21'20""N","73°25'36""E",މެދަފުށި,ޅ
Th,Medhafushi (U),Medhafushi,U,4.7,18.F5,"2°20'35""N","73°20'27""E",މެދަފުށި,ތ
GA,Medharehaa (U),Medharehaa,U,7.9,20.F7,"0°21'48""N","73°32'43""E",މެދަރެހާ,ގއ
GA,Medhehuttaa (U),Medhehuttaa,U,3.8,20.F6,"0°28'00""N","73°33'42""E",މެދެހުއްޓާ,ގއ
L,Medhu vinagan'du (U),Medhu vinagan'du,U,<3.0,19.A6,"1°49'00""N","73°16'40""E",މެދުވިނަގަނޑު,ލ
GA,Medhuburiyaa (U),Medhuburiyaa,U,<3.0,20.F7,"0°22'21""N","73°33'12""E",މެދުބުރިޔާ,ގއ
N,Medhufaru (U),Medhufaru,U,51.9,5.E6,"5°42'48""N","73°24'53""E",މެދުފަރު,ނ
K,Medhufinolhu (R),Medhufinolhu,R,42.7,10.B4,"4°30'50""N","73°22'09""E",މެދުފިނޮޅު,ކ
B,Medhufinolhu (U),Medhufinolhu,U,<3.0,7.C5,"5°00'56""N","72°57'59""E",މެދުފިނޮޅު,ބ
M,Medhufushi (R),Medhufushi,R,10.3,15.E6,"2°53'10""N","73°34'32""E",މެދުފުށި,މ
Sh,Medhukun'burudhoo (U),Medhukun'burudhoo,U,47.0,4.C4,"6°11'49""N","73°01'48""E",މެދުކުންބުރުދޫ,ށ
Sh,Medhurah (U),Medhurah,U,6.7,4.C6,"6°01'23""N","73°04'43""E",މެދުރަށް,ށ
Lh,Meedhaadihuraa (U),Meedhaadihuraa,U,<3.0,8.B5,"5°22'09""N","73°24'27""E",މީދާދިހުރާ,ޅ
Dh,Meedhoo (I),Meedhoo,I,10.8,17.E2,"2°59'53""N","73°00'23""E",މީދޫ,ދ
R,Meedhoo (I),Meedhoo,I,34.8,6.D7,"5°27'29""N","72°57'17""E",މީދޫ,ރ
S,Meedhoo (I),Meedhoo,I,182.7,22.D5,"0°35'00""S","73°13'47""E",މީދޫ,ސ
Dh,Meedhuffushi (R),Meedhuffushi,R,6.6,17.E1,"3°00'12""N","73°00'02""E",މީދުއްފުށި,ދ
R,Meedhupparu (R),Meedhupparu,R,17.9,6.D7,"5°27'21""N","72°58'47""E",މީދޫއްޕަރު,ރ
GDh,Meehunthibenehuttaa (U),Meehunthibenehuttaa,U,4.1,21.B6,"0°15'38""N","73°05'46""E",މީހުންތިބެނެހުއްޓާ,ގދ
K,Meerufenfushi (R),Meerufenfushi,R,33.5,10.F4,"4°27'13""N","73°43'00""E",މީރުފެންފުށި,ކ
GA,Melaimaa (U),Melaimaa,U,<3.0,20.B2,"0°51'27""N","73°10'45""E",މެލައިމާ,ގއ
B,Mendhoo (U),Mendhoo,U,15.0,7.D3,"5°10'30""N","72°59'43""E",މެންދޫ,ބ
L,Mendhoo (U),Mendhoo,U,65.6,19.C7,"1°47'12""N","73°22'53""E",މެންދޫ,ލ
GDh,Menthandhuvaa (U),Menthandhuvaa,U,11.2,21.F5,"0°19'28""N","73°29'29""E",މެންތަންދޫވާ,ގދ
GA,Meradhoo (PR),Meradhoo,PR,6.1,20.A5,"0°35'12""N","73°05'36""E",މެރަދޫ,ގއ
GDh,Meregihuttaa (U),Meregihuttaa,U,17.4,21.B6,"0°16'13""N","73°04'31""E",މެރެގިހުއްޓާ,ގދ
GDh,Meyragillaa (U),Meyragillaa,U,16.6,21.B6,"0°14'30""N","73°07'03""E",މެއިރަގިއްލާ,ގދ
Lh,Meyyafushi (U),Meyyafushi,U,6.0,8.E4,"5°26'28""N","73°36'29""E",މެޔާފުށި,ޅ
Sh,Migoodhoo (U),Migoodhoo,U,8.4,4.E4,"6°13'43""N","73°14'28""E",މިގޫދޫ,ށ
N,Miladhoo (I),Miladhoo,I,22.0,5.D5,"5°47'25""N","73°21'44""E",މިލަދޫ,ނ
B,Milaidhoo (U) [IND],Milaidhoo,"U, IND",5.3,7.E2,"5°16'01""N","73°07'41""E",މިލައިދޫ,ބ
Sh,Milandhoo (I),Milandhoo,I,131.1,4.E4,"6°17'10""N","73°14'40""E",މިލަންދޫ,ށ
N,Minaavaru (U),Minaavaru,U,42.0,5.D5,"5°46'06""N","73°20'36""E",މިނާވަރު,ނ
Dh,Minimasgali (U),Minimasgali,U,6.1,17.C6,"2°45'01""N","72°53'14""E",މިނިމަސްގަލި,ދ
F,Minimasgali (U),Minimasgali,U,4.7,16.B3,"3°14'34""N","72°50'08""E",މިނިމަސްގަލި,ފ
GA,Minimessaa (U),Minimessaa,U,<3.0,20.B5,"0°32'28""N","73°07'26""E",މިނިމެއްސާ,ގއ
B,Miriandhoo (U),Miriandhoo,U,6.3,7.D5,"5°03'47""N","73°01'51""E",މިރިއަންދޫ,ބ
ADh,Mirihi (R),Mirihi,R,3.5,13.B5,"3°37'09""N","72°46'49""E",މިރިހި,އދ
ADh,Moofushi (R),Moofushi,R,3.7,13.B1,"3°53'05""N","72°43'40""E",މޫފުށި,އދ
B,Muhdhoo (PR),Muhdhoo,PR,19.0,7.E3,"5°12'24""N","73°05'04""E",މުއްދޫ,ބ
GDh,Mudhimaahutta (U),Mudhimaahutta,U,9.1,21.D6,"0°15'40""N","73°20'40""E",މުދިމާހުއްޓާ,ގދ
GDh,Mudhimaahutta (U),Mudhimaahutta,U,15.6,21.D6,"0°15'18""N","73°20'49""E",މުދިމާހުއްޓާ,ގދ
HDh,Muiri (U),Muiri,U,53.6,2.B4,"6°39'29""N","72°56'11""E",މުއިރި,ހދ
M,Mulah (I),Mulah,I,66.9,15.E5,"2°56'48""N","73°35'05""E",މުލައް,މ
HA,Mulhadhoo (I),Mulhadhoo,I,122.6,1.C3,"7°00'43""N","72°59'53""E",މުޅަދޫ,ހއ
M,Muli (I),Muli,I,37.0,15.E5,"2°55'15""N","73°34'52""E",މުލި,މ
HA,Mulidhoo (U),Mulidhoo,U,67.7,1.C5,"6°50'10""N","73°00'40""E",މުލިދޫ,ހއ
S,Mulikede (U),Mulikede,U,6.3,22.D7,"0°39'33""S","73°12'57""E",މުލިކެޑެ,ސ
R,Mullaafushi (U),Mullaafushi,U,<3.0,6.C5,"5°34'51""N","72°54'24""E",މުއްލާފުށި,ރ
GA,Munandhuvaa (PR),Munandhuvaa,PR,7.1,20.E5,"0°35'44""N","73°30'02""E",މުނަންދޫވާ,ގއ
L,Mundoo (I),Mundoo,I,25.9,19.E3,"2°00'43""N","73°32'03""E",މުންޑޫ,ލ
HA,Muraidhoo (I),Muraidhoo,I,47.4,1.E5,"6°50'16""N","73°10'01""E",މުރައިދޫ,ހއ
R,Muravandhoo (U),Muravandhoo,U,10.4,6.D5,"5°36'27""N","72°57'08""E",މުރަވަންދޫ,ރ
AA,Mushimasmigili (YM),Mushimasmigili,YM,3.2,12.D7,"3°57'32""N","72°54'47""E",މުޝިމަސްމިގިލި,އއ
B,Muthaafushi (U),Muthaafushi,U,4.9,7.B5,"5°04'41""N","72°52'38""E",މުތާފުށި,ބ
HDh,Naagoashi (PR),Naagoashi,PR,73.0,2.B4,"6°40'11""N","72°54'08""E",ނާގޯށި,ހދ
Sh,Naainfarufinolhu (U),Naainfarufinolhu,U,3.8,4.B4,"6°12'10""N","72°59'53""E",ނާއިންފަރުފިނޮޅު,ށ
M,Naalaafushi (I),Naalaafushi,I,10.4,15.E6,"2°53'42""N","73°34'38""E",ނާލާފުށި,މ
Sh,Naalaahuraa (U),Naalaahuraa,U,<3.0,4.C5,"6°07'40""N","73°02'08""E",ނާލާހުރާ,ށ
GDh,Nadellaa (I),Nadellaa,I,42.9,21.A5,"0°17'36""N","73°02'25""E",ނަޑެއްލާ,ގދ
Lh,Naifaru (I),Naifaru,I,48.3,8.A4,"5°26'40""N","73°21'54""E",ނައިފަރު,ޅ
HDh,Naivaadhoo (I),Naivaadhoo,I,30.2,2.B3,"6°44'48""N","72°56'05""E",ނައިވާދޫ,ހދ
K,Nakaiychaafushi (R),Nakaiychaafushi,R,4.3,10.B5,"4°22'06""N","73°22'12""E",ނަކައިޗާފުށި,ކ
ADh,Nalaguraidhoo (R),Nalaguraidhoo,R,54.1,13.C7,"3°29'00""N","72°48'05""E",ނަލަގުރައިދޫ,އދ
Sh,Nalandhoo (U) [IND],Nalandhoo,"U, IND",60.0,4.E3,"6°19'28""N","73°13'44""E",ނަލަންދޫ,ށ
HA,Naridhoo (PR),Naridhoo,PR,14.4,1.E4,"6°53'42""N","73°07'36""E",ނަރިދޫ,ހއ
Sh,Narudhoo (I),Narudhoo,I,43.0,4.E4,"6°15'51""N","73°13'04""E",ނަރުދޫ,ށ
Sh,Narurin'budhoo (U),Narurin'budhoo,U,29.0,4.E4,"6°16'45""N","73°11'44""E",ނަރުރިންބުދޫ,ށ
B,Nelivarufinolhu (U),Nelivarufinolhu,U,<3.0,7.E4,"5°07'32""N","73°05'06""E",ނެލިވަރުފިނޮޅު,ބ
HDh,Nellaidhoo (I),Nellaidhoo,I,32.5,2.B3,"6°42'53""N","72°56'48""E",ނެއްލައިދޫ,ހދ
HDh,Neykurendhoo (I),Neykurendhoo,I,168.6,2.C6,"6°32'34""N","72°58'46""E",ނޭކުރެންދޫ,ހދ
R,Neyo (U),Neyo,U,6.8,6.E6,"5°29'33""N","73°02'19""E",ނޭޔޮ,ރ
Sh,Neyo (U),Neyo,U,21.5,4.C2,"6°27'00""N","73°03'35""E",ނޭޔޮ,ށ
B,Nibiligaa (U),Nibiligaa,U,<3.0,7.C3,"5°10'21""N","72°56'39""E",ނިބިލިގާ,ބ
F,Nilandhoo (I),Nilandhoo,I,56.2,16.C6,"3°03'21""N","72°53'22""E",ނިލަންދޫ,ފ
GA,Nilandhoo (I),Nilandhoo,I,57.4,20.E4,"0°38'10""N","73°26'47""E",ނިލަންދޫ,ގއ
HDh,Nolhivaramu (I),Nolhivaramu,I,203.4,2.D4,"6°39'44""N","73°04'55""E",ނޮޅިވަރަމު,ހދ
HDh,Nolhivaranfaru (I),Nolhivaranfaru,I,171.2,2.E3,"6°41'49""N","73°07'12""E",ނޮޅިވަރަންފަރު,ހދ
Sh,Noomaraa (I),Noomaraa,I,41.1,4.C2,"6°26'02""N","73°04'08""E",ނޫމަރާ,ށ
GDh,Odagallaa (PR),Odagallaa,PR,5.6,21.E5,"0°19'09""N","73°22'49""E",އޮޑަގައްލާ,ގދ
GA,Odagallaa (U),Odagallaa,U,<3.0,20.E4,"0°39'45""N","73°25'10""E",އޮޑަގައްލާ,ގއ
K,Olhigan'dufinolhu (U),Olhigan'dufinolhu,U,<3.0,11.C7,"3°48'42""N","73°25'04""E",އޮޅިގަނޑުފިނޮޅު,ކ
GDh,Olhimuttaa (U),Olhimuttaa,U,<3.0,21.A5,"0°20'24""N","73°01'35""E",އޮޅިމުއްޓާ,ގދ
Th,Olhudhiyafushi (U),Olhudhiyafushi,U,<3.0,18.E6,"2°16'19""N","73°14'09""E",އޮޅުދިޔަފުށި,ތ
Dh,Olhufushi (U),Olhufushi,U,<3.0,17.E5,"2°48'49""N","73°01'35""E",އޮޅުފުށި,ދ
Th,Olhufushi (U),Olhufushi,U,3.0,18.A4,"2°21'57""N","72°54'31""E",އޮޅުފުށި,ތ
Th,Olhufushifinolhu (U),Olhufushifinolhu,U,<3.0,18.A4,"2°22'17""N","72°54'30""E",އޮޅުފުށިފިނޮޅު,ތ
Th,Olhugiri (PR),Olhugiri,PR,10.2,18.E3,"2°30'21""N","73°15'22""E",އޮޅުގިރި,ތ
B,Olhugiri (U),Olhugiri,U,20.9,7.C5,"5°00'04""N","72°54'21""E",އޮޅުގިރި,ބ
K,Olhuhali (U),Olhuhali,U,<3.0,10.C2,"4°41'23""N","73°27'04""E",އޮޅުހަލި,ކ
GDh,Olhurataa (U),Olhurataa,U,3.3,21.A5,"0°18'47""N","73°01'29""E",އޮޅުރަޓާ,ގދ
L,Olhutholhu (U),Olhutholhu,U,9.3,19.C7,"1°47'17""N","73°21'06""E",އޮޅުތޮޅު,ލ
K,Olhuveli (R),Olhuveli,R,6.2,11.D7,"3°51'01""N","73°27'18""E",އޮޅުވެލި,ކ
Dh,Olhuveli (PR),Olhuveli,PR,9.2,17.D7,"2°40'55""N","72°56'03""E",އޮޅުވެލި,ދ
L,Olhuveli (PR),Olhuveli,PR,18.1,19.C6,"1°49'00""N","73°24'18""E",އޮޅުވެލި,ލ
Lh,Olhuvelifushi (I),Olhuvelifushi,I,25.5,8.E6,"5°16'41""N","73°36'23""E",އޮޅުވެލިފުށި,ޅ
ADh,Omadhoo (I),Omadhoo,I,23.8,13.E3,"3°47'29""N","72°57'43""E",އޮމަދޫ,އދ
Th,Omadhoo (I),Omadhoo,I,37.1,18.B7,"2°10'03""N","73°01'25""E",އޮމަދޫ,ތ
Lh,Ookolhufinolhu (U),Ookolhufinolhu,U,8.4,8.E6,"5°16'54""N","73°37'21""E",އޫކޮޅުފިނޮޅު,ޅ
N,Orimasvaru (U),Orimasvaru,U,19.5,5.B4,"5°49'51""N","73°12'33""E",އޮރިމަސްވަރު,ނ
N,Orivaru (U),Orivaru,U,14.8,5.C5,"5°48'07""N","73°17'51""E",އޮރިވަރު,ނ
N,Orivarukudarah (U),Orivarukudarah,U,<3.0,5.C5,"5°48'03""N","73°17'37""E",އޮރިވަރުކުޑަރަށް,ނ
M,Raaban'dhihuraa (U),Raaban'dhihuraa,U,<3.0,15.B2,"3°05'31""N","73°23'19""E",ރާބަންދިހުރާ,މ
N,Raafushi (U),Raafushi,U,18.7,5.C7,"5°38'52""N","73°17'55""E",ރާފުށި,ނ
N,Raalhulaakolhu (U),Raalhulaakolhu,U,<3.0,5.E7,"5°41'12""N","73°24'16""E",ރާޅުލާކޮޅު,ނ
GA,Raaverrehaa (U),Raaverrehaa,U,5.9,20.E3,"0°46'03""N","73°25'44""E",ރާވެއްރެހާ,ގއ
Sh,Raggan'duhuraa (U),Raggan'duhuraa,U,<3.0,4.C5,"6°06'43""N","73°02'17""E",ރައްގަނޑުހުރާ,ށ
L,Rahaa (U),Rahaa,U,17.1,19.E3,"2°03'20""N","73°32'04""E",ރަހާ,ލ
GDh,Rahadhuvaa (U),Rahadhuvaa,U,6.4,21.A3,"0°29'48""N","72°59'23""E",ރަހަދޫވާ,ގދ
M,Raiymandhoo (I),Raiymandhoo,I,27.7,15.F3,"3°05'23""N","73°38'20""E",ރައިމަންދޫ,މ
V,Rakeedhoo (I),Rakeedhoo,I,6.3,14.C6,"3°18'53""N","73°28'11""E",ރަކީދޫ,ވ
N,Randheli (PR),Randheli,PR,9.3,5.D7,"5°41'30""N","73°20'26""E",ރަންދެލި,ނ
ADh,Rangaleefinolhu (R),Rangaleefinolhu,R,6.5,13.A5,"3°36'58""N","72°42'59""E",ރަންގަލީފިނޮޅު,އދ
ADh,Rangali (R),Rangali,R,9.2,13.B5,"3°37'04""N","72°43'23""E",ރަންގަލި,އދ
K,Rannaalhi (R),Rannaalhi,R,4.9,11.B6,"3°54'11""N","73°21'27""E",ރަންނާޅި,ކ
AA,Rasdhoo (I),Rasdhoo,I,20.1,12.F2,"4°15'46""N","72°59'31""E",ރަސްދޫ,އއ
K,Rasfari (U) [IND],Rasfari,"U, IND",<3.0,10.B5,"4°23'40""N","73°21'05""E",ރަސްފަރި,ކ
R,Rasgetheemu (I),Rasgetheemu,I,38.4,6.D3,"5°48'27""N","73°00'11""E",ރަސްގެތީމު,ރ
R,Rasmaadhoo (I),Rasmaadhoo,I,26.0,6.E5,"5°33'46""N","73°02'37""E",ރަސްމާދޫ,ރ
GDh,Rathafandhoo (I),Rathafandhoo,I,37.2,21.B6,"0°15'09""N","73°06'16""E",ރަތަފަންދޫ,ގދ
Lh,Rathuruh-huraa (U),Rathuruh-huraa,U,<3.0,8.F4,"5°24'09""N","73°38'55""E",ރަތުރޫހްހުރާ,ޅ
Th,Rihamaafushi (U),Rihamaafushi,U,<3.0,18.E5,"2°17'21""N","73°15'59""E",ރިހާމާފުށި,ތ
Dh,Rin'budhoo (I),Rin'budhoo,I,18.3,17.C3,"2°55'27""N","72°53'43""E",ރިނބުދޫ,ދ
GDh,Rodhavarrehaa (U),Rodhavarrehaa,U,<3.0,21.F5,"0°17'42""N","73°27'47""E",ރޮދަވައްރެހާ,ގދ
HDh,Ruffushi (U),Ruffushi,U,<3.0,2.B3,"6°45'32""N","72°56'20""E",ރުއްފުށި,ހދ
V,Ruh hurihuraa (U),Ruh hurihuraa,U,<3.0,14.C6,"3°21'40""N","73°30'00""E",ރުއްހުރިހުރާ,ވ
Th,Ruhthibirah (U),Ruhthibirah,U,7.9,18.C7,"2°10'05""N","73°03'10""E",ރުއްތިބިރަށް,ތ
S,Savaaheli (U),Savaaheli,U,10.4,22.B7,"0°40'51""S","73°07'34""E",ސަވާހެލި,ސ
M,Seedheehuraa (U),Seedheehuraa,U,<3.0,15.D6,"2°51'28""N","73°33'28""E",ސީދީހުރާ,މ
M,Seedheehuraa veligan'du (U),Seedheehuraa veligan'du,U,<3.0,15.D6,"2°51'34""N","73°33'15""E",ސީދީހުރާ ވެލިގަނޑު,މ
Lh,Sehlhifushi (U),Sehlhifushi,U,16.9,8.F4,"5°25'20""N","73°38'27""E",ސެޅިފުށި,ޅ
R,Thaavathaa (U),Thaavathaa,U,8.2,6.D6,"5°29'04""N","72°58'32""E",ތާވަތާ,ރ
Dh,Thaban'lhaidhoo (U),Thaban'lhaidhoo,U,5.4,17.E5,"2°47'52""N","73°01'31""E",ތަބަންޅައިދޫ,ދ
HA,Thakandhoo (I),Thakandhoo,I,42.6,1.C5,"6°50'38""N","72°59'43""E",ތަކަންދޫ,ހއ
K,Than'burudhoo (U),Than'burudhoo,U,3.8,10.D6,"4°18'55""N","73°35'03""E",ތަންބުރުދޫ,ކ
N,Than'burudhoo (U) [IND],Than'burudhoo,"U, IND",6.2,5.B6,"5°42'59""N","73°14'04""E",ތަންބުރުދޫ,ނ
N,Than'burudhuffushi (U),Than'burudhuffushi,U,<3.0,5.B6,"5°42'32""N","73°14'29""E",ތަންބުރުދުއްފުށި,ނ
L,Thathunrahaa (U),Thathunrahaa,U,<3.0,19.A6,"1°49'51""N","73°16'06""E",ތަތުންރަހާ,ލ
HDh,Theefaridhoo (U) [IND],Theefaridhoo,"U, IND",55.3,2.C3,"6°44'25""N","73°02'00""E",ތީފަރިދޫ,ހދ
GDh,Thelehuttaa (U),Thelehuttaa,U,5.5,21.A5,"0°17'21""N","73°03'00""E",ތެލެހުއްޓާ,ގދ
ADh,Theluveligaa (U),Theluveligaa,U,<3.0,13.D5,"3°40'12""N","72°54'09""E",ތެލުވެލިގާ,އދ
Dh,Thilabolhufushi (U),Thilabolhufushi,U,5.6,17.E6,"2°45'19""N","73°01'20""E",ތިލަބޮޅުފުށި,ދ
B,Thiladhoo (U),Thiladhoo,U,4.7,7.E2,"5°15'44""N","73°09'18""E",ތިލަދޫ,ބ
K,Thilafushi (U),Thilafushi,U,50.9,10.C8,"4°11'00""N","73°26'44""E",ތިލަފުށި,ކ
Lh,Thilamaafushi (U),Thilamaafushi,U,8.9,8.E6,"5°16'23""N","73°35'13""E",ތިލަމާފުށި,ޅ
Th,"Thimarafushi (I) [ADF, H]",Thimarafushi,"I, ADF, H",20.5,18.D6,"2°12'20""N","73°08'34""E",ތިމަރަފުށި,ތ
GDh,Thinadhoo (I),Thinadhoo,I,117.5,21.A3,"0°31'50""N","72°59'47""E",ތިނަދޫ,ގދ
V,Thinadhoo (I),Thinadhoo,I,11.6,14.D4,"3°29'15""N","73°32'17""E",ތިނަދޫ,ވ
GDh,Thinahuttaa (U),Thinahuttaa,U,<3.0,21.A5,"0°21'35""N","73°01'33""E",ތިނަހުއްޓާ,ގދ
Dh,Thinhuraa (U),Thinhuraa,U,5.8,17.E6,"2°46'00""N","73°01'26""E",ތިންހުރާ,ދ
AA,Thoddoo (I),Thoddoo,I,172.6,12.D1,"4°26'15""N","72°56'46""E",ތޮއްޑޫ,އއ
N,Tholhendhoo (U),Tholhendhoo,U,18.3,5.E3,"5°55'14""N","73°26'11""E",ތޮޅެންދޫ,ނ
ADh,Tholhifushi (U),Tholhifushi,U,4.0,13.C7,"3°29'05""N","72°47'24""E",ތޮޅިފުށި,އދ
N,Thoshigan'dukolhu (U),Thoshigan'dukolhu,U,<3.0,5.E6,"5°43'58""N","73°24'47""E",ތޮށިގަނޑުކޮޅު,ނ
B,Thulhaadhoo (I),Thulhaadhoo,I,24.7,7.B5,"5°01'23""N","72°50'23""E",ތުޅާދޫ,ބ
K,Thulhaagiri (R),Thulhaagiri,R,3.3,10.C6,"4°18'41""N","73°29'14""E",ތުޅާގިރި,ކ
K,Thulusdhoo (I),Thulusdhoo,I,36.8,10.E5,"4°22'26""N","73°39'03""E",ތުލުސްދޫ,ކ
K,Thulusdhoo irumathee huraagan'du (U),Thulusdhoo irumathee huraagan'du,U,<3.0,10.E5,"4°22'17""N","73°39'16""E",ތުލުސްދޫ އިރުމަތީ ހުރާގަނޑު,ކ
K,Thun'bafushi (U) [IND],Thun'bafushi,"U, IND",4.4,10.D3,"4°35'23""N","73°35'23""E",ތުންބަފުށި,ކ
L,Thun'buri (U),Thun'buri,U,19.6,19.E2,"2°04'29""N","73°32'24""E",ތުންބުރި,ލ
ADh,Thun'dufushi (R),Thun'dufushi,R,4.0,13.B3,"3°47'10""N","72°43'51""E",ތުންޑުފުށި,އދ
V,Thun'duhuraa (U),Thun'duhuraa,U,<3.0,14.C6,"3°20'33""N","73°30'22""E",ތުންޑުހުރާ,ވ
HA,Thuraakunu (I),Thuraakunu,I,25.8,1.B2,"7°06'14""N","72°53'57""E",ތުރާކުނު,ހއ
M,Thuvaru (U) [IND],Thuvaru,"U, IND",14.6,15.B6,"2°53'53""N","73°22'45""E",ތުވަރު,މ
Dh,Udhoo (U) [IND],Udhoo,"U, IND",9.9,17.E2,"2°58'13""N","72°59'26""E",އުދޫ,ދ
R,Ufulandhoo (U),Ufulandhoo,U,29.6,6.C7,"5°27'51""N","72°54'48""E",އުފުލަންދޫ,ރ
B,Ufuligiri (U),Ufuligiri,U,<3.0,7.C5,"5°01'01""N","72°58'13""E",އުފުލިގިރި,ބ
Th,Ufuriyaa (U),Ufuriyaa,U,7.9,18.F5,"2°21'40""N","73°21'42""E",އުފުރިޔާ,ތ
GDh,Uhehuttaa (U),Uhehuttaa,U,4.8,21.C6,"0°12'33""N","73°10'15""E",އުހެހުއްޓާ,ގދ
AA,Ukulhas (I),Ukulhas,I,21.3,12.D3,"4°12'53""N","72°51'50""E",އުކުޅަސް,އއ
GDh,Ukurihuttaa (U),Ukurihuttaa,U,11.3,21.B6,"0°13'57""N","73°07'34""E",އުކުރިހުއްޓާ,ގދ
GDh,Ulegalaa (U),Ulegalaa,U,4.7,21.E4,"0°23'53""N","73°22'11""E",އުލެގަލާ,ގދ
HA,Uligamu (I) [H],Uligamu,"I, H",107.3,1.C2,"7°04'55""N","72°55'38""E",އުލިގަމު,ހއ
HA,Umarefinolhu (U),Umarefinolhu,U,<3.0,1.B3,"7°00'34""N","72°51'03""E",އުމަރެފިނޮޅު,ހއ
B,Un'doodhoo (U),Un'doodhoo,U,12.7,7.D2,"5°16'28""N","73°02'32""E",އުނޑޫދޫ,ބ
R,Un'goofaaru (I),Un'goofaaru,I,33.9,6.E4,"5°40'05""N","73°01'48""E",އުނގޫފާރު,ރ
HA,Un'gulifinolhu (U),Un'gulifinolhu,U,4.4,1.B4,"6°58'15""N","72°54'03""E",އުނގުލިފިނޮޅު,ހއ
R,Un'gulu (U),Un'gulu,U,14.6,6.E4,"5°41'26""N","73°01'34""E",އުނގުލު,ރ
Th,Usfushi (U),Usfushi,U,<3.0,18.D6,"2°14'46""N","73°12'16""E",އުސްފުށި,ތ
HA,Utheemu (I),Utheemu,I,49.1,1.E5,"6°50'05""N","73°06'45""E",އުތީމު,ހއ
L,Uthuru vinagan'du (U),Uthuru vinagan'du,U,<3.0,19.A6,"1°49'04""N","73°16'40""E",އުތުރުވިނަގަނޑު,ލ
M,Uthuruboduveli (U),Uthuruboduveli,U,3.6,15.E4,"3°01'31""N","73°37'06""E",އުތުރުބޮޑުވެލި,މ
M,Uthurugaseveli (U),Uthurugaseveli,U,<3.0,15.E4,"3°01'52""N","73°37'08""E",އުތުރުގަސްވެލި,މ
R,Uthurumaafaru (U),Uthurumaafaru,U,3.5,6.C4,"5°40'11""N","72°50'44""E",އުތުރުމާފަރު,ރ
L,Uvadhevifushi (U),Uvadhevifushi,U,5.7,19.E4,"1°58'44""N","73°32'13""E",އުވަދެވިފުށި,ލ
K,Vaadhoo (R),Vaadhoo,R,<3.0,11.D2,"4°07'26""N","73°27'26""E",ވާދޫ,ކ
GDh,Vaadhoo (I),Vaadhoo,I,192.9,21.D6,"0°13'38""N","73°16'25""E",ވާދޫ,ގދ
R,Vaadhoo (I),Vaadhoo,I,38.2,6.D2,"5°51'23""N","72°59'29""E",ވާދޫ,ރ
K,Vaagali (U),Vaagali,U,<3.0,11.B5,"3°56'54""N","73°21'22""E",ވާގަލި,ކ
Dh,Vaanee (I),Vaanee,I,11.7,17.E6,"2°43'31""N","73°00'10""E",ވާނީ,ދ
K,Vabbinfaru (R),Vabbinfaru,R,3.9,10.B6,"4°18'35""N","73°25'26""E",ވައްބިންފަރު,ކ
K,Vabboahuraa (U) [IND],Vabboahuraa,"U, IND",<3.0,10.D6,"4°19'09""N","73°35'46""E",ވައްބޯހުރާ,ކ
L,Vadinolhu (U),Vadinolhu,U,7.7,19.C3,"2°01'03""N","73°21'32""E",ވަދިނޮޅު,ލ
R,Vaffushi (U),Vaffushi,U,<3.0,6.C5,"5°37'45""N","72°51'43""E",ވައްފުށި,ރ
R,Vaffushihuraa (U),Vaffushihuraa,U,<3.0,6.C4,"5°38'33""N","72°50'23""E",ވައްފުށިހުރާ,ރ
HDh,Vaikaradhoo (I),Vaikaradhoo,I,108.3,2.B6,"6°32'58""N","72°57'11""E",ވައިކަރަދޫ,ހދ
HDh,Vaikaramuraidhoo (U) [IND],Vaikaramuraidhoo,"U, IND",69.0,2.B6,"6°32'26""N","72°53'53""E",ވައިކަރަމުރައިދޫ,ހދ
GDh,Vaireyaadhuvaa (U),Vaireyaadhuvaa,U,3.7,21.D5,"0°17'18""N","73°20'14""E",ވައިރެޔާދޫވާ,ގދ
ADh,Vakarufalhi (R),Vakarufalhi,R,5.2,13.D6,"3°34'42""N","72°54'07""E",ވަކަރުފަޅި,އދ
B,Vakkaru (PR),Vakkaru,PR,15.4,7.C4,"5°08'01""N","72°54'36""E",ވަކަރު,ބ
Dh,Valla (U),Valla,U,<3.0,17.C7,"2°42'16""N","72°52'57""E",ވަﷲ,ދ
Dh,Vallalhohi (U),Vallalhohi,U,3.1,17.C6,"2°43'50""N","72°53'16""E",ވަﷲޅޮހި,ދ
K,Vammaafushi (U),Vammaafushi,U,<3.0,11.D5,"3°56'55""N","73°29'46""E",ވަމާފުށި,ކ
Th,Vanbadhi (U),Vanbadhi,U,5.1,18.B7,"2°11'13""N","72°58'32""E",ވަންބަދި,ތ
Th,Vandhoo (I),Vandhoo,I,26.1,18.A5,"2°17'29""N","72°56'30""E",ވަންދޫ,ތ
R,Vandhoo (U),Vandhoo,U,39.7,6.E6,"5°31'54""N","73°02'30""E",ވަންދޫ,ރ
HA,Van'gaaru (U),Van'gaaru,U,22.6,1.B2,"7°05'35""N","72°52'41""E",ވަންގާރު,ހއ
Sh,Van'garu (PR),Van'garu,PR,9.8,4.E6,"6°05'14""N","73°12'17""E",ވަންގަރު,ށ
Lh,Varihuraa (U),Varihuraa,U,<3.0,8.C6,"5°18'12""N","73°29'17""E",ވަރިހުރާ,ޅ
HA,Vashafaru (I),Vashafaru,I,35.5,1.E4,"6°53'51""N","73°09'39""E",ވަށަފަރު,ހއ
V,Vashugiri (U),Vashugiri,U,<3.0,14.B3,"3°37'49""N","73°22'39""E",ވަށުގިރި,ވ
GDh,Vatavarrehaa (PR),Vatavarrehaa,PR,14.7,21.D6,"0°15'22""N","73°17'47""E",ވަޓަވައްރެހާ,ގދ
V,Vattaru (U),Vattaru,U,<3.0,14.B7,"3°13'16""N","73°25'35""E",ވައްޓަރު,ވ
N,Vavathi (U),Vavathi,U,18.5,5.B5,"5°47'46""N","73°13'38""E",ވައްވަތީ,ނ
Lh,Vavvaru (U),Vavvaru,U,5.0,8.A4,"5°25'03""N","73°21'15""E",ވައްވަރު,ޅ
K,Velassaru (R),Velassaru,R,8.3,11.C2,"4°07'17""N","73°26'13""E",ވެލާއްސަރު,ކ
Dh,Velavaru (R),Velavaru,R,7.2,17.E2,"2°58'47""N","73°00'56""E",ވެލާވަރު,ދ
B,Velavaru (U),Velavaru,U,<3.0,7.C3,"5°12'30""N","72°54'52""E",ވެލާވަރު,ބ
N,Velidhoo (I),Velidhoo,I,43.5,5.C7,"5°39'50""N","73°16'27""E",ވެލިދޫ,ނ
AA,Velidhoo (R),Velidhoo,R,9.2,12.C3,"4°11'41""N","72°49'06""E",ވެލިދޫ,އއ
HA,Velifinolhu (U),Velifinolhu,U,4.1,1.B3,"6°59'39""N","72°52'28""E",ވެލިފިނޮޅު,ހއ
AA,Veligan'du (R),Veligan'du,R,5.3,12.F2,"4°17'56""N","73°00'41""E",ވެލިގަނޑު,އއ
HDh,Veligan'du (U),Veligan'du,U,<3.0,2.B2,"6°45'15""N","72°56'15""E",ވެލިގަނޑު,ހދ
Lh,Veligan'du (U),Veligan'du,U,<3.0,8.B2,"5°31'42""N","73°26'10""E",ވެލިގަނޑު,ޅ
L,Veligan'dufinolhu (U),Veligan'dufinolhu,U,<3.0,19.C6,"1°49'45""N","73°24'29""E",ވެލިގަނޑުފިނޮޅު,ލ
K,Veligan'duhuraa (R),Veligan'duhuraa,R,<3.0,11.D4,"3°58'17""N","73°30'23""E",ވެލިގަނޑުހުރާ,ކ
GDh,Veraaviligillaa (U),Veraaviligillaa,U,<3.0,21.F5,"0°18'45""N","73°26'55""E",ވެރާވިލިގިއްލާ,ގދ
Th,Veymandoo (I),Veymandoo,I,41.7,18.C7,"2°11'12""N","73°05'42""E",ވޭމަންޑޫ,ތ
B,Veyofushi (U),Veyofushi,U,4.1,7.F3,"5°13'44""N","73°09'33""E",ވެޔޮފުށި,ބ
M,Veyvah (I),Veyvah,I,41.7,15.E5,"2°57'22""N","73°36'00""E",ވޭވަށް,މ
Lh,Veyvah (U),Veyvah,U,3.7,8.A4,"5°25'34""N","73°21'38""E",ވޭވަށް,ޅ
R,Veyvah (U),Veyvah,U,<3.0,6.C3,"5°46'00""N","72°53'35""E",ވޭވަށް,ރ
Lh,Vihafarufinolhu (U),Vihafarufinolhu,U,<3.0,8.E3,"5°27'20""N","73°34'54""E",ވިހަފަރުފިނޮޅު,ޅ
N,Vihafarufinolhu (U),Vihafarufinolhu,U,<3.0,5.C7,"5°40'53""N","73°17'00""E",ވިހަފަރުފިނޮޅު,ނ
AA,Vihamaafaru (U),Vihamaafaru,U,3.0,12.B5,"4°07'19""N","72°44'47""E",ވިހާމާފަރު,އއ
K,Vihamanaafushi (R),Vihamanaafushi,R,13.7,10.D7,"4°13'36""N","73°31'11""E",ވިހަމަނާފުށި,ކ
ADh,Vilamendhoo (R),Vilamendhoo,R,12.8,13.D5,"3°38'01""N","72°57'32""E",ވިލަމެންދޫ,އދ
GA,Viligalaa (U),Viligalaa,U,4.0,20.B5,"0°31'07""N","73°12'58""E",ވިލިގަލާ,ގއ
R,Vilin'gili (U),Vilin'gili,U,3.6,6.D8,"5°22'35""N","72°57'14""E",ވިލިނގިލި,ރ
K,Vilin'gili mathidhahuraa (U),Vilin'gili mathidhahuraa,U,5.6,10.E5,"4°22'37""N","73°39'46""E",ވިލިނގިލި މަތިދަހުރާ,ކ
ADh,Vilin'gilivaru (R),Vilin'gilivaru,R,3.0,13.E5,"3°37'08""N","72°57'18""E",ވިލިނގިލިވަރު,އދ
F,Vilin'gilivarufinolhu (U),Vilin'gilivarufinolhu,U,<3.0,16.E3,"3°16'27""N","72°59'55""E",ވިލިނގިލިވަރުފިނޮޅު,ފ
GDh,Vilin'gillaa (U),Vilin'gillaa,U,11.3,21.B6,"0°13'46""N","73°07'46""E",ވިލިނގިއްލާ,ގދ
K,Vilingili (I),Vilingili,I,31.7,10.C8,"4°10'23""N","73°29'07""E",ވިލިނގިލި,ކ
GA,Vilin'gili (I),Vilin'gili,I,56.5,20.E3,"0°45'15""N","73°26'05""E",ވިލިނގިލި,ގއ
S,Vilin'gili (PR),Vilin'gili,PR,54.4,22.C7,"0°40'43""S","73°11'35""E",ވިލިނގިލި,ސ
K,Vilivaru (R),Vilivaru,R,5.4,11.D5,"3°54'51""N","73°27'20""E",ވިލިވަރު,ކ
Th,Vilufushi (I),Vilufushi,I,60.6,18.F3,"2°30'11""N","73°18'30""E",ވިލުފުށި,ތ
L,Vinagan'du (U),Vinagan'du,U,<3.0,19.A6,"1°49'03""N","73°16'45""E",ވިނަގަނޑު,ލ
B,Vinaneiyfaruhuraa (U),Vinaneiyfaruhuraa,U,<3.0,7.E2,"5°20'46""N","73°04'42""E",ވިނަނެތްފަރުހުރާ,ބ
B,Voavah (U),Voavah,U,<3.0,7.E2,"5°19'00""N","73°04'39""E",ވޯވަށް,ބ
GA,Vodamulaa (PR),Vodamulaa,PR,22.9,20.E4,"0°36'13""N","73°29'13""E",ވޮޑަމުލާ,ގއ
Dh,Vommuli (U),Vommuli,U,9.7,17.B3,"2°54'41""N","72°51'57""E",ވޮއްމުލި,ދ
K,Ziyaaraiyfushi (R),Ziyaaraiyfushi,R,5.0,10.B4,"4°31'59""N","73°22'20""E",ޒިޔާރަތްފުށި,ކ
