FCODE,Atl,Atoll_Name,Island_Name,Island_Dhivehi,Resort_Trade_Name,Operating_Status,Area_Ha,Lat_DD,Lon_DD
LD1033,HA,Haa Alifu,Alidhoo,އަލިދޫ,Cinnamon Island Alidhoo,Proposed / Pipeline,14.84319,6.849024,73.152296
LD0458,HA,Haa Alifu,Alidhuffarufinolhu,އަލިދޫއްފަރުފިނޮޅު,,Proposed / Pipeline,2.442713,6.861344,73.104011
LD0528,HA,Haa Alifu,Berinmadhoo,ބެރިންމަދޫ,,Proposed / Pipeline,14.002944,7.047260,72.971413
LD0129,HA,Haa Alifu,Dhonakulhi,ދޮނަކުޅި,Island Hideaway at Dhonakulhi Maldives Spa Resort and Marina,Proposed / Pipeline,33.833024,6.843857,73.051777
,HA,Haa Alifu,Gaafushi,ގާފުށި,,Proposed / Pipeline,<3.0,6.851944,73.057500
LD0433,HA,Haa Alifu,Gaamathikulhudhoo,ގާމަތީކުޅުދޫ,,Proposed / Pipeline,11.787789,7.038973,72.984471
LD0983,HA,Haa Alifu,Maafinolhu,މާފިނޮޅު,,Proposed / Pipeline,15.342167,7.002220,72.862445
LD0548,HA,Haa Alifu,Manafaru,މަނަފަރު,JA Manafaru,Operating,14.576557,6.997056,72.939944
LD0880,HA,Haa Alifu,Medhafushi,މެދަފުށި,,Proposed / Pipeline,11.744079,7.010879,72.934779
LD1155,HA,Haa Alifu,Naridhoo,ނަރިދޫ,,Proposed / Pipeline,14.212611,6.894997,73.126762
LD0593,HA,Haa Alifu,Van'gaaru,ވަންގާރު,,Proposed / Pipeline,20.608302,7.093233,72.878263
LD0663,HDh,Haa Dhaalu,Dhipparufushi,ދިއްޕަރުފުށި,Soneva Secret,Operating,5.033061,6.319047,72.640644
LD1192,HDh,Haa Dhaalu,Hon'daafushi,ހޮންޑާފުށި,Hondaafushi Island Resort,Operating,61.545473,6.778724,73.122192
LD0489,HDh,Haa Dhaalu,Kudafarufasgandu,ކުޑަފަރުފަސްގަނޑު,,Proposed / Pipeline,0.033,6.711888,72.925039
LD0346,HDh,Haa Dhaalu,Kudamuraidhoo,ކުޑަމުރައިދޫ,,Proposed / Pipeline,30.593021,6.642771,72.919876
LD1196,HDh,Haa Dhaalu,Muiri,މުއިރި,,Proposed / Pipeline,49.025597,6.658082,72.936267
LD0369,HDh,Haa Dhaalu,Naagoashi,ނާގޯށި,,Proposed / Pipeline,73.666643,6.670088,72.903231
LD0562,Sh,Shaviyani,Dholhiyadhoo,ދޮޅިޔަދޫ,,Proposed / Pipeline,21.850392,5.993820,73.215164
LD0374,Sh,Shaviyani,Farukolhu,ފަރުކޮޅު,,Proposed / Pipeline,75.465983,6.190833,73.296692
LD0629,Sh,Shaviyani,Fushifaru,ފުށިފަރު,,Proposed / Pipeline,4.336269,6.395653,72.925839
LD0927,Sh,Shaviyani,Gaakoshibi,ގާކޮށިބި,Sirru Fen Fushi Private Lagoon Resort,Operating,18.184266,6.286764,73.012024
,Sh,Shaviyani,Gonaafarufinolhu,ގޮނާފަރުފިނޮޅު,,Proposed / Pipeline,<3.0,6.465556,72.898889
LD0921,Sh,Shaviyani,Hurasfaruhuraa,ހުރަސްފަރުހުރާ,,Proposed / Pipeline,4.898395,6.140574,73.036508
LD0424,Sh,Shaviyani,Kan'baalifaru,ކަނބާލިފަރު,,Proposed / Pipeline,21.988548,6.124204,73.253434
LD0304,Sh,Shaviyani,Kudalhaimendhoo,ކުޑަޅައިމެންދޫ,,Proposed / Pipeline,13.112491,6.014951,73.295135
LD1170,Sh,Shaviyani,Naainfarufinolhu,ނާއިންފަރުފިނޮޅު,,Proposed / Pipeline,7.478862,6.203392,72.998992
LD0674,Sh,Shaviyani,Van'garu,ވަންގަރު,JW Marriott Maldives Resort & Spa,Operating,9.688351,6.089476,73.203329
LD1052,N,Noonu,Dhigurah,ދިގުރަށް,Siyam World Maldives,Operating,56.620677,5.732114,73.359408
LD0409,N,Noonu,Ehdhuffaru mairah,އެއްދުއްފަރު މައިރަށް,,Proposed / Pipeline,15.274665,5.695616,73.408666
LD0335,N,Noonu,Ekulhivaru,އެކުޅިވަރު,,Proposed / Pipeline,20.295588,5.949944,73.306882
LD0979,N,Noonu,Fushivelavaru,ފުށިވެލަވަރު,Velaa Private Island Maldives,Operating,5.83588,5.863169,73.207257
,N,Noonu,Holhumeedhoo,ހޮޅުމީދޫ,,Proposed / Pipeline,28.3,5.751111,73.249167
LD0620,N,Noonu,Huivani,ހުއިވަނި,,Proposed / Pipeline,19.070207,5.913049,73.315629
LD0639,N,Noonu,Huvan'dhumaavattaru,ހުވަންދޫމާވައްޓަރު,,Proposed / Pipeline,12.176247,5.845254,73.444894
LD0982,N,Noonu,Kudafunafaru,ކުޑަފުނަފަރު,Noku Maldives Vignette Collection,Operating,13.107829,5.884695,73.377996
,N,Noonu,Kudarah,ކުޑަރަށް,,Proposed / Pipeline,<3.0,5.832778,73.313889
LD0140,N,Noonu,Kunnamalei,ކުންނަމަލެއި,,Proposed / Pipeline,9.117739,5.952968,73.133500
LD1086,N,Noonu,Kuredhivaru,ކުރެދިވަރު,Kuredhivaru Resort and Spa,Operating,10.366427,5.875274,73.343457
LD0767,N,Noonu,Loafaru,ލޯފަރު,,Proposed / Pipeline,13.720211,5.785968,73.276474
LD0002,N,Noonu,Maavelavaru,މާވެލަވަރު,,Proposed / Pipeline,47.063446,5.805699,73.171391
LD1036,N,Noonu,Medhafushi,މެދަފުށި,Sun Siyam Iru Fushi Maldives,Operating,22.970841,5.744579,73.323862
LD0088,N,Noonu,Medhufaru,މެދުފަރު,Soneva Jani,Operating,51.573257,5.713530,73.414409
LD0169,N,Noonu,Orimasvaru,އޮރިމަސްވަރު,,Proposed / Pipeline,20.606847,5.831074,73.209355
LD0249,N,Noonu,Orivaru,އޮރިވަރު,Robinson Noonu,Operating,14.735512,5.802121,73.297717
LD0996,N,Noonu,Raafushi,ރާފުށި,,Proposed / Pipeline,18.522149,5.647592,73.298585
LD0512,N,Noonu,Raalhulaakolhu,ރާޅުލާކޮޅު,,Proposed / Pipeline,1.616139,5.686826,73.404620
LD1042,N,Noonu,Randheli,ރަންދެލި,Cheval Blanc Randheli,Operating,10.928058,5.691916,73.341722
LD1125,N,Noonu,Than'burudhuffushi,ތަންބުރުދުއްފުށި,,Proposed / Pipeline,3.034676,5.708546,73.242380
LD0750,N,Noonu,Thoshigan'dukolhu,ތޮށިގަނޑުކޮޅު,,Proposed / Pipeline,2.036284,5.732589,73.413649
LD0444,R,Raa,Aarah,އާރަށް,Heritance Aarah,Operating,12.982632,5.447666,72.941350
LD0739,R,Raa,Bodufarufinolhu,ބޮޑުފަރުފިނޮޅު,,Proposed / Pipeline,4.751315,5.529551,72.805834
LD0097,R,Raa,Bodufushi,ބޮޑުފުށި,Joali Being Bodufushi,Operating,12.419845,5.507682,72.968897
LD0918,R,Raa,Dhigali,ދިގަލި,Niva Dhigali Maldives,Operating,20.746701,5.475279,72.953774
LD0218,R,Raa,Dhoragali,ދޮރަގަލި,,Proposed / Pipeline,6.667862,5.494089,72.997597
LD0643,R,Raa,Ehthigili,އެއްތިގިލި,,Proposed / Pipeline,11.294274,5.978850,72.938347
LD0125,R,Raa,Faarufushi,ފާރުފުށި,Emerald Faarufushi Resort & Spa,Operating,6.814026,5.768022,72.965288
LD0477,R,Raa,Fasmendhoo,ފަސްމެންދޫ,Emerald Maldives Resort & Spa Fasmendho,Operating,19.63171,5.494216,72.881602
LD0043,R,Raa,Filaidhoo,ފިލައިދޫ,Reethi Faru Resort,Operating,19.205267,5.491818,72.938414
LD0236,R,Raa,Fuggiri,ފުގްގިރި,,Proposed / Pipeline,8.188846,5.724468,72.854057
LD0058,R,Raa,Furaveri,ފުރަވެރި,Furaveri Maldives,Operating,23.969044,5.440250,72.908309
LD0585,R,Raa,Huruvalhi,ހުރުވަޅި,The Standard Huruvalhi Maldives,Operating,6.689659,5.392036,72.979049
LD0914,R,Raa,Kan'doogan'du,ކަނޑޫގަނޑު,,Proposed / Pipeline,2.580319,5.780854,72.876182
LD0822,R,Raa,Kothaifaru,ކޮތައިފަރު,Alila Kothaifaru Maldives,Operating,11.269344,5.524945,72.843124
LD1127,R,Raa,Kottefaru,ކޮއްޓެފަރު,Brennia Kottefaru,Operating,13.800018,5.510078,73.040894
LD1016,R,Raa,Kudafushi,ކުޑަފުށި,Kudafushi Resort & Spa,Operating,10.359002,5.510674,72.980409
LD0110,R,Raa,Kudakurathu,ކުޑަކުރަތު,Raaya by Atmosphere,Operating,38.7849,5.583740,73.044438
LD0295,R,Raa,Kuroshigiri,ކުރޮށިގިރި,,Proposed / Pipeline,1.012,5.513975,72.850321
LD0241,R,Raa,Lun'dhufushi,ލުންދުފުށި,,Proposed / Pipeline,7.084493,5.643621,72.987065
LD0746,R,Raa,Maamin'gili,މާމިނގިލި,Cora Cora Maldives,Operating,7.21864,5.651117,72.884463
LD0675,R,Raa,Maamunagau,މާމުނަގައު,Inter Continental Maldives Maamunagau,Operating,8.395081,5.359905,72.919071
LD0961,R,Raa,Maanenfushi,މާއެނފުށި,,Proposed / Pipeline,20.190982,5.751044,72.961411
LD0095,R,Raa,Meedhupparu,މީދޫއްޕަރު,Adaaran Select Meedhupparu,Operating,18.762371,5.455946,72.979918
LD0401,R,Raa,Muravandhoo,މުރަވަންދޫ,Joali Muravandhoo,Operating,10.846716,5.607915,72.951832
LD0163,R,Raa,Ufulandhoo,އުފުލަންދޫ,,Proposed / Pipeline,29.470477,5.464385,72.913390
LD0428,R,Raa,Uthurumaafaru,އުތުރުމާފަރު,You & Me Maldives,Operating,3.069357,5.669953,72.845788
LD1063,R,Raa,Veyvah,ވޭވަށް,,Proposed / Pipeline,1.719632,5.767140,72.893373
LD0418,B,Baa,Bodufinolhu,ބޮޑުފިނޮޅު,,Proposed / Pipeline,11.071244,5.008896,72.857743
LD0937,B,Baa,Boifushi,ބޮއިފުށި,,Proposed / Pipeline,0.619176,5.297830,72.993837
LD0910,B,Baa,Dhandhoo,ދަންދޫ,,Proposed / Pipeline,2.52308,5.235913,73.168395
LD0076,B,Baa,Dhigudhefaru,ދިގުދެފަރު,,Proposed / Pipeline,3.70482,5.235112,73.139141
LD0440,B,Baa,Dhigufaruvinagan'du,ދިގުފަރުވިނަގަނޑު,Dhigufaru Island Resort,Operating,5.842201,5.352333,72.989750
LD1146,B,Baa,Dhunikolhu,ދުނިކޮޅު,Coco Palm Dhunikolhu,Operating,15.763694,5.039647,72.881479
LD1200,B,Baa,En'boodhoo,އެނބޫދޫ,,Proposed / Pipeline,4.315823,5.063879,72.856166
LD0252,B,Baa,Fares,ފަރެސް,Avani + Fares Maldives,Operating,13.158615,5.232139,72.877271
LD1041,B,Baa,Finolhas,ފިނޮޅަސް,,Proposed / Pipeline,24.484782,5.233878,73.113643
LD0451,B,Baa,Fonimagoodhoo,ފޮނިމަގޫދޫ,NH Collection Maldives Reethi Resort,Operating,11.213478,5.255163,73.163528
LD0776,B,Baa,Funadhoo,ފުނަދޫ,,Proposed / Pipeline,12.462911,5.274631,73.033132
LD0438,B,Baa,Hibalhidhoo,ހިބަޅިދޫ,,Proposed / Pipeline,20.05163,5.141367,73.114746
LD0732,B,Baa,Hirundhoo,ހިރުންދޫ,Dreamland - The Unique Sea & Lake Resort/Spa,Operating,6.078914,5.217104,73.153586
LD0185,B,Baa,Horubadhoo,ހޮރުބަދޫ,Royal Island Resort and Spa,Operating,16.490933,5.162683,73.052741
LD1215,B,Baa,Huraafaru,ހުރާފަރު,,Proposed / Pipeline,2.975102,5.206923,73.153938
LD0999,B,Baa,Innafushi,އިންނަފުށި,,Proposed / Pipeline,3.488531,4.877513,72.879362
LD0197,B,Baa,Kanufusheegaathufinolhu,ކަނުފުށީގާތުފިނޮޅު,,Proposed / Pipeline,2.966335,5.013653,72.961981
LD0022,B,Baa,Kanufushi,ކަނުފުށި,Finolhu Baa Atoll Maldives,Operating,12.101343,5.011704,72.953304
,B,Baa,Kashidhuffarufinolhu,ކަށިދޫއްފަރުފިނޮޅު,,Proposed / Pipeline,<3.0,5.295556,72.931944
LD1197,B,Baa,Kihaadhuffaru,ކިހާދުއްފަރު,Kihaadhuffaru Resort,Proposed / Pipeline,15.0633,5.190973,73.132381
LD1061,B,Baa,Kihavah huravalhi,ކިހަވައް ހުރަވަޅި,Anantara Kihavah Villas,Operating,15.449922,5.296193,73.057105
LD0217,B,Baa,Kunfunadhoo,ކުންފުނަދޫ,Soneva Fushi Resort,Operating,44.969801,5.112467,73.077677
LD0256,B,Baa,Lan'daagiraavaru,ލަންޑާ ގިރާވަރު,Four Seasons Resort Maldives at Landaa Giraavaru,Operating,21.612439,5.286059,73.111882
LD0617,B,Baa,Maamaduvvari,މާމަޑުއްވަރި,,Proposed / Pipeline,38.492475,5.009422,72.942115
LD0833,B,Baa,Mendhoo,މެންދޫ,,Proposed / Pipeline,14.763287,5.174966,72.995529
LD1075,B,Baa,Milaidhoo,މިލައިދޫ,Milaidhoo Island Maldives,Operating,5.51469,5.267113,73.128476
LD0147,B,Baa,Miriandhoo,މިރިއަންދޫ,The Westin Maldives Miriandhoo Resort,Operating,6.568658,5.063214,73.031273
LD1015,B,Baa,Muhdhoo,މުއްދޫ,Dusit Thani Maldives,Operating,18.92602,5.206672,73.084727
LD1066,B,Baa,Muthaafushi,މުތާފުށި,,Proposed / Pipeline,5.041946,5.078426,72.877828
LD0608,B,Baa,Thiladhoo,ތިލަދޫ,The Nautilus Maldives,Operating,4.697213,5.262204,73.155255
LD0589,B,Baa,Ufuligiri,އުފުލިގިރި,,Proposed / Pipeline,0.419469,5.017003,72.970093
LD0660,B,Baa,Vakkaru,ވަކަރު,Vakkaru Maldives,Operating,14.677883,5.133602,72.910049
LD0654,B,Baa,Voavah,ވޯވަށް,Four Seasons Private Island Maldives at Voavah,Operating,3.082601,5.316348,73.077624
LD0394,Lh,Lhaviyani,Bodufinolhu,ބޮޑުފިނޮޅު,Le Méridien Maldives Resort and Spa,Operating,3.4637,5.270627,73.571320
LD0234,Lh,Lhaviyani,Dheruffinolhu,ދެރުއްފިނޮޅު,Dheruhfinolhu by Jawakara Islands Maldives,Operating,5.734422,5.324432,73.647435
LD1020,Lh,Lhaviyani,Fushifaru,ފުށިފަރު,Fushifaru Maldives,Operating,5.203138,5.491209,73.515229
LD0307,Lh,Lhaviyani,Hudhufushi,ހުދުފުށި,,Proposed / Pipeline,64.412519,5.362136,73.653685
LD0980,Lh,Lhaviyani,Huravalhi,ހުރަވަޅި,Hurawalhi Island Resort,Operating,9.274345,5.521164,73.441461
LD0797,Lh,Lhaviyani,Innahuraa,އިންނަހުރާ,Nala Maldives by Jawakara,Operating,12.228222,5.350116,73.654068
LD1178,Lh,Lhaviyani,Kanifushi,ކަނިފުށި,Atmosphere Kanifushi Maldives,Operating,36.443182,5.366289,73.339578
LD0333,Lh,Lhaviyani,Kanuhuraa,ކަނުހުރާ,Six Senses Kanuhura,Operating,18.707484,5.532723,73.505997
LD1107,Lh,Lhaviyani,Komandoo,ކޮމަންޑޫ,Komandoo Island Resort,Operating,5.038144,5.493356,73.424297
LD0837,Lh,Lhaviyani,Kudadhoo,ކުޑަދޫ,Kudadoo Maldives Private island,Operating,2.831308,5.502896,73.433564
LD0310,Lh,Lhaviyani,Kurehdhoo,ކުރެދްދޫ,Kuredu Island Resort,Operating,43.230988,5.549469,73.464227
LD0187,Lh,Lhaviyani,Maabinhuraa,މާބިންހުރާ,Mabinhura by Jawakara Islands Maldives,Operating,40.172489,5.337153,73.651281
LD0737,Lh,Lhaviyani,Madhiriguraidhoo,މަދިރިގުރައިދޫ,Palm Beach Island,Proposed / Pipeline,23.000983,5.469687,73.559451
LD0812,Lh,Lhaviyani,Medha adihuraa,މެދަ އަޑިހުރާ,,Proposed / Pipeline,3.171275,5.540789,73.502696
LD0469,Lh,Lhaviyani,Meyyafushi,މެޔާފުށި,Meyyafushi Maldives,Operating,7.33954,5.441843,73.607718
LD1190,Lh,Lhaviyani,Ookolhufinolhu,އޫކޮޅުފިނޮޅު,Cocoon Maldives,Operating,10.951528,5.282115,73.622831
,Lh,Lhaviyani,Rathuruh-huraa,ރަތުރޫހްހުރާ,,Proposed / Pipeline,<3.0,5.402500,73.648611
LD0879,Lh,Lhaviyani,Thilamaafushi,ތިލަމާފުށި,,Proposed / Pipeline,10.686956,5.273255,73.587066
LD0361,Lh,Lhaviyani,Veyvah,ވޭވަށް,,Proposed / Pipeline,2.910564,5.425211,73.361191
LD1293,K,Kaafu,Aanugan'dufinolhu,އާނުގަނޑުފިނޮޅު,Aanugandu Island Resort,Operating,8.348494,4.306400,73.505565
LD1714,K,Kaafu,Aanugan'duhuraa,އާނުގަނޑުހުރާ,,Proposed / Pipeline,3.852387,4.307826,73.501042
LD1502,K,Kaafu,Akasdhoo,އަކަސްދޫ,Hard Rock Hotel Maldives,Operating,8.452091,4.123821,73.472313
LD0981,K,Kaafu,Akirifushi,އަގިރިފުށި,Oblu Select by Atmosphere at Sangeli,Operating,7.968911,4.637097,73.402556
LD0536,K,Kaafu,Asdhoo,އަސްދޫ,Asdhu Sun Island,Proposed / Pipeline,3.244543,4.466327,73.661300
LD0142,K,Kaafu,Baros,ބަރޮސް,Baros Maldives,Operating,4.890151,4.284751,73.427105
LD0160,K,Kaafu,Biyaadhoo,ބިޔާދޫ,Biyaadhoo Island Resort,Proposed / Pipeline,10.070374,3.922233,73.456336
LD0026,K,Kaafu,Boduban'dos,ބޮޑުބަންޑޮސް,Bandos Maldives,Operating,19.943726,4.269407,73.491461
LD1194,K,Kaafu,Bodufinolhu,ބޮޑުފިނޮޅު,Fun Island Resort,Proposed / Pipeline,14.242592,3.857406,73.456601
LD0305,K,Kaafu,Boduhithi,ބޮޑުހިތި,Coco Bodu Hithi,Operating,7.648971,4.430768,73.384670
LD0137,K,Kaafu,Boduhuraa,ބޮޑުހުރާ,Naladhu -waterbangalows,Proposed / Pipeline,4.662243,3.967439,73.505204
LD0597,K,Kaafu,Bolifushi,ބޮލިފުށި,Bolifushi Island Resort,Operating,10.668236,4.097297,73.399796
LD0321,K,Kaafu,Dhigufinolhu,ދިގުފިނޮޅު,Anantara Resort and Spa Maldives,Operating,8.092473,3.972387,73.502294
LD1300,K,Kaafu,Dhonfushi,ދޮންފުށި,,Proposed / Pipeline,0.767237,4.608588,73.407777
LD1501,K,Kaafu,Ehmafushi,އެއްމަފުށި,Saii Lagoon Maldives,Operating,26.614046,4.122946,73.465399
LD0816,K,Kaafu,En'boodhoo,އެނބޫދޫ,Embudhu Village,Operating,5.36146,4.084084,73.512087
LD0524,K,Kaafu,En'boodhoofinolhu,އެނބޫދޫފިނޮޅު,Taj Exotica Resort & Spa Maldives,Operating,5.563548,4.103058,73.525327
LD0648,K,Kaafu,Eriadhoo,އެރިޔަދޫ,Eri Maldives,Operating,3.016569,4.589937,73.414394
LD0624,K,Kaafu,Erruh-huraa,އެއްރުއްހުރާ,,Proposed / Pipeline,0.71316,3.815035,73.416276
LD1705,K,Kaafu,Farikan'duhuraa,ފަަރިކަނޑުހުރާ,The Ritz Carlton Maldives Fari Islands,Operating,14.422806,4.603243,73.581142
LD0691,K,Kaafu,Farivelihuraa,ފަރިވެލިހުރާ,"Patina Maldives, Fari Islands",Operating,39.501677,4.624974,73.571793
LD0390,K,Kaafu,Farukolhufushi,ފަރުކޮޅުފުށި,"Club Faru, Farukolhufushi",Proposed / Pipeline,10.808736,4.231289,73.544155
LD0150,K,Kaafu,Feydhoofinolhu,ފޭދޫފިނޮޅު,dusitD2,Operating,11.106689,4.212891,73.484436
LD0516,K,Kaafu,Fihaalhohi,ފިޔާޅަހޮހި,Fihaalhohi Maldives,Operating,8.999348,3.877269,73.367071
LD1334,K,Kaafu,Funfinolhu,ފުންފިނޮޅު,,Proposed / Pipeline,1.098857,3.976289,73.504816
LD1177,K,Kaafu,Furanafushi,ފުރަނަފުށި,Sheraton Maldives Full Moon Resort & Spa,Operating,15.043387,4.250084,73.545068
LD0803,K,Kaafu,Gasfinolhu,ގަސްފިނޮޅު,Club Med Finolhu Villas,Operating,7.524631,4.361354,73.626256
LD0689,K,Kaafu,Giraavaru,ގިރާވަރު,Centara Ras Fushi Resort & Spa,Operating,3.526453,4.200494,73.412921
LD0558,K,Kaafu,Gulhigaathuhuraa,ގުޅިގާތުހުރާ,,Proposed / Pipeline,2.470659,3.976762,73.506578
LD1707,K,Kaafu,Hastheem,ހަސްތީމް,,Proposed / Pipeline,2.56717,4.622011,73.416624
LD1732,K,Kaafu,Hathaafinolhu,ހަތާފިނޮޅު,JW Marriott Kaafu Atoll Island Resort,Operating,6.358701,4.089934,73.523756
LD0036,K,Kaafu,Helen'geli,ހެލެނގެލި,Oblu By Atmosphere at Helengeli,Operating,8.105054,4.634358,73.563461
LD0331,K,Kaafu,Hen'badhoo,ހެންބަދޫ,Taj Coral Reef Resort and Spa,Operating,3.399931,4.481698,73.393338
LD0154,K,Kaafu,Ihuru,އިހުރު,Dhawa Ihuru,Operating,3.165592,4.306770,73.416034
LD1507,K,Kaafu,Ithaafushi,އިތާފުށި,Waldorf Astoria Maldives Ithaafushi,Operating,5.150367,4.011923,73.383122
LD0843,K,Kaafu,Kagi,ކާގި,Kagi Maldives Resort and Spa,Operating,2.497504,4.676734,73.501217
LD0377,K,Kaafu,Kan'doomaafushi,ކަނޑޫމާފުށި,Holiday Inn Resort Kandooma Maldives,Operating,14.929873,3.903202,73.473616
LD0960,K,Kaafu,Kanifinolhu,ކަނިފިނޮޅު,Club Med Kanifinolhu,Operating,14.321346,4.343587,73.608008
LD0157,K,Kaafu,Kanuoiyhuraa,ކަނުއޮއިހުރާ,Cinnamon Dhonveli Maldives,Operating,7.928768,4.319019,73.591915
LD0283,K,Kaafu,Kohdhipparufinolhu,ކޮށްދިއްޕަރުފިނޮޅު,Grand Park Kodhipparu Maldives,Operating,2.710645,4.259707,73.380125
LD0230,K,Kaafu,Kudaban'dos,ކުޑަބަނޑޮސް,Malahini Kuda Bandos,Operating,4.469166,4.263847,73.499715
LD0324,K,Kaafu,Kudafinolhu,ކުޑަފިނޮޅު,,Proposed / Pipeline,1.76936,3.865127,73.458548
LD0492,K,Kaafu,Kudahithi,ކުޑަހިތި,Coco Palm Kudahithi,Proposed / Pipeline,1.438786,4.417354,73.380312
LD1114,K,Kaafu,Kudahuraa,ކުޑަހުރާ,Four Seasons Resort Maldives at Kuda Huraa,Operating,7.717748,4.328214,73.597458
LD0972,K,Kaafu,Lankanfinolhu,ލަންކަންފިނޮޅު,Villa Nautica Paradise Island,Operating,28.494525,4.285151,73.553974
LD0886,K,Kaafu,Lankanfushi,ލަންކަންފުށި,Gili Lankanfushi,Operating,11.580096,4.295032,73.557076
LD0473,K,Kaafu,Lhohifushi,ޅޮހިފުށި,Adaaran Select Hudhuranfushi,Operating,20.1946,4.350832,73.617562
LD0128,K,Kaafu,Maadhoo,މާދޫ,Ozen By Atmosphere At Maadhoo,Operating,10.825868,3.871571,73.459524
LD1500,K,Kaafu,Maaranfushi,މާރަންފުށި,Oaga Art Resort,Operating,6.639042,4.610151,73.420024
LD0436,K,Kaafu,Madivaru,މަޑިވަރު,Varu Island Resort,Operating,9.662652,4.500748,73.368691
LD0633,K,Kaafu,Mahaana elhihuraa,މަހާނަ އެޅިހުރާ,Rah Gili Maldives,Operating,5.792193,3.812270,73.411279
LD1142,K,Kaafu,Makunudhoo,މަކުނުދޫ,Makunudu Island,Operating,3.405964,4.542593,73.405690
LD0202,K,Kaafu,Makunufushi,މަކުނުފުށި,Cocoa Island,Operating,5.103761,3.917851,73.470096
LD0527,K,Kaafu,Medhufinolhu,މެދުފިނޮޅު,"One & Only Reethi Rah, Maldives",Operating,54.210596,4.514552,73.369399
LD1071,K,Kaafu,Meerufenfushi,މީރުފެންފުށި,Meeru Maldives Resort Island,Operating,37.687894,4.454094,73.716839
LD1313,K,Kaafu,Nakahchaahuraa,ނަކައްޗާހުރާ,,Proposed / Pipeline,1.959014,4.342049,73.386518
LD0765,K,Kaafu,Nakaiychaafushi,ނަކައިޗާފުށި,Huvafenfushi Maldives,Operating,5.277136,4.368448,73.369714
LD1706,K,Kaafu,Nashvilu,ނަޝްވިލު,,Proposed / Pipeline,5.902713,4.624529,73.406524
LD1335,K,Kaafu,Noofinolhu,ނޫފިނޮޅޮ,,Proposed / Pipeline,1.261958,3.968743,73.503083
LD0415,K,Kaafu,Olhigan'dufinolhu,އޮޅިގަނޑުފިނޮޅު,,Proposed / Pipeline,0.618737,3.811939,73.417626
LD0482,K,Kaafu,Olhuhali,އޮޅުހަލި,Jumeirah Maldives Olhahali Island,Operating,6.132802,4.690019,73.450817
LD0756,K,Kaafu,Olhuveli,އޮޅުވެލި,Sun Siyam Olhuveli Maldives,Operating,15.469732,3.850763,73.455934
LD0196,K,Kaafu,Rannaalhi,ރަންނާޅި,Adaaran Club Rannalhi,Operating,4.900216,3.903258,73.357919
LD1329,K,Kaafu,Tholhimaraahuraa,ތޮޅިމަރާހުރާ,,Proposed / Pipeline,0.064598,3.824646,73.375198
LD0929,K,Kaafu,Thulhaagiri,ތުޅާގިރި,Thulhagiri Island Resort & Spa,Operating,4.071385,4.311751,73.487203
LD0903,K,Kaafu,Vaadhoo,ވާދޫ,Adaaran Prestige Vadoo,Operating,2.309305,4.124157,73.457221
LD0098,K,Kaafu,Vaagali,ވާގަލި,,Proposed / Pipeline,0.836701,3.948617,73.355928
LD0311,K,Kaafu,Vabbinfaru,ވައްބިންފަރު,Banyan Tree Maldives Vabbinfaru,Operating,5.145572,4.309741,73.423906
LD0954,K,Kaafu,Velassaru,ވެލާއްސަރު,Niva Velassaru Maldives,Operating,9.003921,4.121439,73.436937
LD1134,K,Kaafu,Veligan'duhuraa,ވެލިގަނޑުހުރާ,Anantara Veli and Naladhu,Operating,3.436668,3.971715,73.506394
LD1039,K,Kaafu,Vihamanaafushi,ވިހަމަނާފުށި,Kurumba Maldives,Operating,13.620349,4.226482,73.519776
LD0215,K,Kaafu,Vilin'gili mathidhahuraa,ވިލިނގިލި މަތިދަހުރާ,Kuda Villingili Resort Maldives,Operating,17.784115,4.377503,73.663571
LD1165,K,Kaafu,Vilivaru,ވިލިވަރު,,Proposed / Pipeline,7.130108,3.914483,73.455281
LD0399,K,Kaafu,Ziyaaraiyfushi,ޒިޔާރަތްފުށި,Summer Island Maldives,Operating,6.081308,4.532945,73.372479
LD1718,K,Kaafu,,,Joy Island,Operating,0.02154,4.310555,73.364314
LD1756,K,Kaafu,,,SO/ Maldives,Operating,7.261305,4.123310,73.482621
LD1761,K,Kaafu,,,Hilton Maldives Amingiri Resort & Spa,Operating,2.007827,4.250074,73.366711
LD1785,K,Kaafu,,,Centara Mirage Lagoon Maldives & Centara Grand Lagoon Maldives,Operating,10.763135,4.316139,73.348118
LD0225,AA,Alifu Alifu,Alikoirah,އަލިކޮއިރަށް,,Proposed / Pipeline,1.465362,3.943378,72.879995
LD1080,AA,Alifu Alifu,Bathalaa,ބަތަލާ,Sandies Bathala,Operating,3.203231,4.070342,72.945794
LD0201,AA,Alifu Alifu,Ellaidhoo,އެއްލައިދޫ,Ellaidhoo Maldives By Cinnamon,Operating,5.747898,4.006208,72.949180
LD0405,AA,Alifu Alifu,Etheremadivaru,އެތެރެމަޑިވަރު,Ananea Madivaru Maldives,Operating,2.432228,4.118844,72.937533
LD1002,AA,Alifu Alifu,Fesdhoo,ފެސްދޫ,W Maldives,Operating,4.965637,4.006877,72.811003
LD0997,AA,Alifu Alifu,Gaathafushi,ގާތަފުށި,,Proposed / Pipeline,1.083756,4.023699,72.810707
LD0343,AA,Alifu Alifu,Gangehi,ގަންގެހި,Gangehi Island Resort,Operating,3.339659,4.219999,72.754203
LD0375,AA,Alifu Alifu,Halaveli,ހަލަވެލި,Constance Halaveli Resort,Operating,7.655918,4.038493,72.919200
LD0027,AA,Alifu Alifu,Kan'dholhudhoo,ކަނޑޮޅުދޫ,Kandolhu Maldives,Operating,2.991456,4.002602,72.881785
LD0893,AA,Alifu Alifu,Kudafolhudhoo,ކުޑަފޮޅުދޫ,Nika Island Resort and Spa,Operating,5.348472,4.181356,72.766750
LD1139,AA,Alifu Alifu,Kuramathi,ކުރަމަތި,Niva Kuramathi Maldives,Operating,31.182256,4.259864,72.977778
LD0109,AA,Alifu Alifu,Maagau,މާގައު,,Proposed / Pipeline,2.030068,3.989184,72.957031
LD0300,AA,Alifu Alifu,Maayafushi,މާޔާފުށި,Maayafushi Tourist Resort,Operating,3.993157,4.073613,72.887575
LD0760,AA,Alifu Alifu,Madoogali,މަޑޫގަލި,Madoogali Resort,Proposed / Pipeline,6.357331,4.096137,72.752883
LD0356,AA,Alifu Alifu,Mathivereefinolhu,މަތިވެރިފިނޮޅު,,Proposed / Pipeline,2.86149,4.185892,72.750003
LD0865,AA,Alifu Alifu,Mushimasmigili,މުޝިމަސްމިގިލި,Dhoni Migili,Proposed / Pipeline,2.87264,3.958953,72.912712
LD0411,AA,Alifu Alifu,Velidhoo,ވެލިދޫ,Velidhoo Island Resort,Proposed / Pipeline,9.692194,4.194624,72.819033
LD0807,AA,Alifu Alifu,Veligan'du,ވެލިގަނޑު,Veligandu Maldives Resort Island,Operating,6.596679,4.298686,73.011356
LD0316,ADh,Alifu Dhaalu,Angaagau,އަންގާގައު,Angaga Island Resort and Spa,Operating,4.638032,3.652165,72.821979
LD1147,ADh,Alifu Dhaalu,Athurugau,އަތުރުގައު,Diamonds Athuruga Beach & Water Villas,Operating,3.132407,3.887202,72.816143
LD0220,ADh,Alifu Dhaalu,Bodufinolhu,ބޮޑުފިނޮޅު,Melia Whale Lagoon Maldives,Operating,8.255198,3.495231,72.760589
LD0080,ADh,Alifu Dhaalu,Dhiffushi,ދިއްފުށި,Holiday Island,Proposed / Pipeline,16.468478,3.475304,72.824861
LD1007,ADh,Alifu Dhaalu,Dhihdhoofinolhu,ދިއްދޫފިނޮޅު,"Lux* South Ari Atoll, Maldives",Operating,17.553549,3.498589,72.896664
,ADh,Alifu Dhaalu,Finolhu,ފިނޮޅު,,Proposed / Pipeline,<3.0,3.555556,72.868056
LD0452,ADh,Alifu Dhaalu,Heenfaru,ހީންފަރު,,Proposed / Pipeline,0.832499,3.819263,72.829061
LD0388,ADh,Alifu Dhaalu,Huruelhi,ހުރުއެޅި,Radisson Blu Resort Maldives,Operating,7.205173,3.544191,72.719594
LD0419,ADh,Alifu Dhaalu,Huvahendhoo,ހުވަހެންދޫ,Lily Beach Resort,Operating,6.041932,3.653722,72.953834
LD0089,ADh,Alifu Dhaalu,Innafushi,އިންނަފުށި,,Proposed / Pipeline,3.415437,3.797772,72.732435
LD0581,ADh,Alifu Dhaalu,Kudarah,ކުޑަރަށް,nH Maldives Kuda Rah Resort,Operating,4.267973,3.573934,72.910762
LD0966,ADh,Alifu Dhaalu,Lonuboi,ލޮނުބޮއި,,Proposed / Pipeline,1.197831,3.603242,72.900911
LD1176,ADh,Alifu Dhaalu,Maafushivaru,މާފުށިވަރު,Outrigger Maldives Maafushivaru Resort,Operating,3.184805,3.607921,72.900254
LD1062,ADh,Alifu Dhaalu,Machchafushi,މަޗްޗަފުށި,"Machchafushi Island Resort & Spa Maldives, The Centara Collection",Operating,4.637307,3.593849,72.883529
LD0461,ADh,Alifu Dhaalu,Mirihi,މިރިހި,V Villas Maldives at Mirihi-Mgallery Collection,Operating,3.640979,3.619597,72.780561
LD0900,ADh,Alifu Dhaalu,Moofushi,މޫފުށި,Constance Moofushi Resort,Operating,7.644527,3.885073,72.726440
LD0725,ADh,Alifu Dhaalu,Nalaguraidhoo,ނަލަގުރައިދޫ,Villa Park Sun Island,Operating,55.044026,3.483260,72.802165
LD0170,ADh,Alifu Dhaalu,Rangaleefinolhu,ރަންގަލީފިނޮޅު,Conrad Maldives Rangali Island,Operating,9.018633,3.616439,72.715729
LD0214,ADh,Alifu Dhaalu,Rangali,ރަންގަލި,Conrad Maldives Rangali Island,Proposed / Pipeline,11.262342,3.618229,72.723363
LD0175,ADh,Alifu Dhaalu,Theluveligaa,ތެލުވެލިގާ,Drift Theluveliga Retreat,Operating,1.408792,3.669839,72.902612
LD0529,ADh,Alifu Dhaalu,Tholhifushi,ތޮޅިފުށި,,Proposed / Pipeline,2.667914,3.485040,72.789919
LD1198,ADh,Alifu Dhaalu,Thun'dufushi,ތުންޑުފުށި,Diamonds Thudufushi Beach and Water Villas,Operating,3.844039,3.786235,72.730668
LD0610,ADh,Alifu Dhaalu,Vakarufalhi,ވަކަރުފަޅި,Nova Maldives,Operating,5.506369,3.578718,72.902185
LD0263,ADh,Alifu Dhaalu,Vilamendhoo,ވިލަމެންދޫ,Vilamendhoo Island Resort,Operating,11.413981,3.633767,72.958641
LD1010,ADh,Alifu Dhaalu,Vilin'gilivaru,ވިލިނގިލިވަރު,Ranveli Village,Proposed / Pipeline,3.245918,3.619031,72.955134
LD0051,V,Vaavu,Aarah,އާރަށް,Cinnamon Velifushi Maldives,Operating,2.993424,3.499307,73.530110
LD0148,V,Vaavu,Alimathaa,އަލިމަތާ,Alimatha Aquatic Resort,Operating,7.879027,3.593726,73.498036
LD1043,V,Vaavu,Anbaraa,އަންބަރާ,,Proposed / Pipeline,1.985168,3.372275,73.439301
LD0813,V,Vaavu,Bodumohoraa,ބޮޑުމޮހޮރާ,,Proposed / Pipeline,6.838834,3.343192,73.520569
LD0267,V,Vaavu,Dhiggiri,ދިއްގިރި,Dhiggiri Tourist Resort,Operating,2.632389,3.645005,73.487168
LD0935,V,Vaavu,Fohtheyobodufushi,ފޮއްތެޔޮބޮޑުފުށި,,Proposed / Pipeline,13.315224,3.455315,73.758000
,V,Vaavu,Hin'gaakulheefinolhu,ހިންގާކުޅީފިނޮޅު,,Proposed / Pipeline,<3.0,3.358333,73.582778
LD1148,V,Vaavu,Kudhiboli,ކުދިބޮލި,Nooe Maldives Kunavashi,Operating,1.999378,3.636674,73.365168
LD1026,V,Vaavu,Vashugiri,ވަށުގިރި,Cocogiri Island Resort,Operating,0.600103,3.629979,73.377420
LD0554,M,Meemu,Boahuraa,ބޯހުރާ,,Proposed / Pipeline,1.999513,2.925901,73.585513
LD1112,M,Meemu,Dhekunuboduveli,ދެކުނުބޮޑުވެލި,,Proposed / Pipeline,5.465303,2.825834,73.452234
LD0045,M,Meemu,Gasveli,ގަސްވެލި,,Proposed / Pipeline,7.189246,2.818700,73.443796
LD0322,M,Meemu,Hakuraahuraa,ހަކުރާހުރާ,Cinnamon Hakuraa Huraa Maldives,Operating,7.259585,2.854860,73.538421
LD0876,M,Meemu,Hurasveli,ހުރަސްވެލި,,Proposed / Pipeline,0.942755,3.019031,73.617887
LD0659,M,Meemu,Kekuraalhuveli,ކެކުރާޅުވެލި,,Proposed / Pipeline,0.67539,2.829995,73.458560
LD0711,M,Meemu,Kuda usfushi,ކުޑަ އުސްފުށި,,Proposed / Pipeline,10.165884,2.804158,73.433550
LD0827,M,Meemu,Maa usfushi,މާ އުސްފުށި,,Proposed / Pipeline,9.496443,2.798231,73.432040
LD0764,M,Meemu,Madifushi,މަޑިފުށި,Madifushi Private Island,Operating,13.266591,3.081136,73.638108
LD0206,M,Meemu,Medhufushi,މެދުފުށި,Medhufushi Island Resort,Operating,10.024737,2.886313,73.575547
LD0523,M,Meemu,Seedheehuraa,ސީދީހުރާ,,Proposed / Pipeline,1.609742,2.858381,73.556517
LD0437,M,Meemu,Seedheehuraa veligan'du,ސީދީހުރާ ވެލިގަނޑު,,Proposed / Pipeline,2.081387,2.860334,73.554549
LD0986,M,Meemu,Uthuruboduveli,އުތުރުބޮޑުވެލި,,Proposed / Pipeline,4.42795,3.025851,73.617548
LD0565,M,Meemu,Uthurugaseveli,އުތުރުގަސްވެލި,,Proposed / Pipeline,1.532966,3.030794,73.618780
LD0826,F,Faafu,En'bulufushi,އެންބުލުފުށި,,Proposed / Pipeline,2.529832,3.133688,73.018111
LD0819,F,Faafu,Filitheyo,ފިލިތެޔޮ,Filitheyo Island Resort,Operating,21.023546,3.213168,73.036940
LD1141,F,Faafu,Himithi,ހިމިތި,,Proposed / Pipeline,15.650724,3.255376,72.818566
LD0845,F,Faafu,Jinnathugau,ޖިންނަތުގައު,,Proposed / Pipeline,1.86062,3.200722,72.997975
LD0925,F,Faafu,Maafushi,މާފުށި,,Proposed / Pipeline,2.998066,3.243120,72.978547
LD0417,F,Faafu,Minimasgali,މިނިމަސްގަލި,,Proposed / Pipeline,3.850819,3.242688,72.835618
LD0623,Dh,Dhaalu,Aluvifushi,އަލުވިފުށި,Sun Siyam Iru Veli Maldives,Operating,8.73717,2.932967,72.959838
LD1396,Dh,Dhaalu,Boarikifinolhu,ބޯރިކިފިނޮޅު,,Proposed / Pipeline,0.090769,2.923286,72.970351
LD0448,Dh,Dhaalu,Dhoores,ދޫރެސް,Yash Nature Resort,Operating,7.943607,2.917702,72.884150
LD0649,Dh,Dhaalu,En'boodhoofushi,އެނބޫދޫފުށި,,Proposed / Pipeline,16.255436,2.677422,72.928284
LD0747,Dh,Dhaalu,Faandhoo,ފާންދޫ,,Proposed / Pipeline,6.348475,2.962796,72.946841
,Dh,Dhaalu,Fenmeeruhuraa,ފެންމީރުހުރާ,,Proposed / Pipeline,7.4,2.787222,73.025278
LD0772,Dh,Dhaalu,Hiriyafushi,ހިރިޔަފުށި,,Proposed / Pipeline,7.61906,2.711832,72.987802
LD0400,Dh,Dhaalu,Kan'dinmaa,ކަނޑިންމާ,Kandima Maldives,Operating,43.750083,2.740378,73.015406
LD0104,Dh,Dhaalu,Kedhigan'du,ކެދިގަނޑު,Riu Atoll and Riu Palace Maldivas,Operating,5.376423,2.696397,72.851130
LD0338,Dh,Dhaalu,Maafushi,މާފުށި,,Proposed / Pipeline,12.671496,2.688149,72.859167
LD1188,Dh,Dhaalu,Maagau,މާގައު,Baglioni Resort Maldives,Operating,7.335599,2.947653,72.914595
LD0337,Dh,Dhaalu,Meedhuffushi,މީދުއްފުށި,Sun Siyam Vilu Reef Maldives,Operating,6.936056,3.003214,73.000386
LD0932,Dh,Dhaalu,Olhuveli,އޮޅުވެލި,Niyama Maldives,Operating,11.750496,2.682245,72.934459
,Dh,Dhaalu,Thaban'lhaidhoo,ތަބަންޅައިދޫ,,Proposed / Pipeline,5.4,2.797778,73.025278
LD1185,Dh,Dhaalu,Velavaru,ވެލާވަރު,Angsana Resort & Spa Maldives - Velavaru,Operating,8.049292,2.979702,73.015684
LD0012,Dh,Dhaalu,Vommuli,ވޮއްމުލި,"The St. Regis Vommuli Resort, Maldives",Operating,8.950373,2.911331,72.866074
LD1001,Th,Thaa,Ekuruffushifinolhu,އެކުރުއްފުށިފިނޮޅު,,Proposed / Pipeline,2.259125,2.265998,73.226258
LD1078,Th,Thaa,Elaa,އެޅާ,,Proposed / Pipeline,31.377957,2.172007,73.079403
LD0533,Th,Thaa,Kaaddoo,ކާއްޑޫ,,Proposed / Pipeline,3.329038,2.281850,73.254339
LD1173,Th,Thaa,Kalhudhiyafushi,ކަޅުދިޔަފުށި,,Proposed / Pipeline,4.153478,2.294976,73.276286
LD0034,Th,Thaa,Kalhufahalafushi,ކަޅުފަހަލަފުށި,,Proposed / Pipeline,92.424378,2.409160,73.357750
LD1123,Th,Thaa,Kanimeedhoo,ކަނިމީދޫ,,Proposed / Pipeline,67.861905,2.195632,73.111544
LD0029,Th,Thaa,Lhavaddoo,ޅަވައްދޫ,,Proposed / Pipeline,3.177465,2.305769,73.291212
LD0556,Th,Thaa,Maalefushi,މާލެފުށި,Como Maalifushi,Operating,10.85582,2.310998,73.298334
LD0939,Th,Thaa,Olhufushi,އޮޅުފުށި,,Proposed / Pipeline,2.342549,2.365687,72.908310
LD1103,Th,Thaa,Olhufushifinolhu,އޮޅުފުށިފިނޮޅު,,Proposed / Pipeline,0.026298,2.372214,72.908106
LD0240,Th,Thaa,Olhugiri,އޮޅުގިރި,,Proposed / Pipeline,9.756504,2.505726,73.255820
LD0709,Th,Thaa,Ruhthibirah,ރުއްތިބިރަށް,,Proposed / Pipeline,8.414695,2.168873,73.052842
LD0994,L,Laamu,Baresdhoo,ބަރެސްދޫ,,Proposed / Pipeline,73.832891,1.967833,73.539956
LD0223,L,Laamu,Bodu mungnafushi,ބޮޑު މުންގްނަފުށި,,Proposed / Pipeline,3.136495,1.988860,73.308735
LD1160,L,Laamu,Bodufinolhu,ބޮޑުފިނޮޅު,,Proposed / Pipeline,6.349199,1.945453,73.540348
LD1186,L,Laamu,Bodufinolhu,ބޮޑުފިނޮޅު,,Proposed / Pipeline,1.571887,2.027846,73.372125
LD1014,L,Laamu,Boduhuraa,ބޮޑުހުރާ,,Proposed / Pipeline,25.630468,1.801207,73.294754
LD0988,L,Laamu,Fares,ފަރެސް,Rahaa Resort,Operating,12.198334,1.799174,73.300739
LD0192,L,Laamu,Gasgan'dufinolhu,ގަސްގަނޑުފިނޮޅު,,Proposed / Pipeline,3.992951,1.952377,73.540127
LD0953,L,Laamu,Guraidhoo,ގުރައިދޫ,,Proposed / Pipeline,8.182903,1.908239,73.255024
LD0733,L,Laamu,Haiyhoshi,ހައިހޮށި,,Proposed / Pipeline,1.365798,1.842028,73.258503
LD0244,L,Laamu,Holhurahaa,ހޮޅުރަހާ,,Proposed / Pipeline,2.497239,2.068515,73.539021
LD0371,L,Laamu,Kashidhoo,ކަށިދޫ,,Proposed / Pipeline,3.107012,1.919419,73.253676
,L,Laamu,Kudafares,ކުޑަފަރެސް,,Proposed / Pipeline,<3.0,1.796667,73.300278
LD0703,L,Laamu,Mahakanfushi,މަހަކަންފުށި,,Proposed / Pipeline,7.15385,1.958812,73.540716
LD1118,L,Laamu,Olhuveli,އޮޅުވެލި,Six Senses Laamu,Operating,19.569392,1.816875,73.404755
LD0628,L,Laamu,Vadinolhu,ވަދިނޮޅު,,Proposed / Pipeline,7.698024,2.017616,73.358861
LD0457,GA,Gaafu Alifu,Bakeththaa,ބަކެއްތާ,,Proposed / Pipeline,2.050239,0.381137,73.497611
LD0380,GA,Gaafu Alifu,Dhevvalaabadhoo,ދެއްވަލާބަދޫ,,Proposed / Pipeline,5.300372,0.604718,73.309406
LD0811,GA,Gaafu Alifu,Dhigurah,ދިގުރަށް,The Residence Maldives At Dhigurah,Operating,24.142466,0.690517,73.441046
LD0802,GA,Gaafu Alifu,Falhumaafushi,ފަޅުމާފުށި,The Residence Maldives,Operating,7.677609,0.671809,73.438441
,GA,Gaafu Alifu,Falhuverrahaa,ފަޅުވެއްރަހާ,,Proposed / Pipeline,7.3,0.762778,73.434722
LD0373,GA,Gaafu Alifu,Funadhooviligillaa,ފުނަދޫވިލިގިއްލާ,,Proposed / Pipeline,6.458415,0.569787,73.519842
LD0926,GA,Gaafu Alifu,Funamauddaa,ފުނަމައުއްޑާ,Robinson Maldives,Operating,9.668965,0.533782,73.190285
LD0618,GA,Gaafu Alifu,Han'dahaa,ހަންޑަހާ,Park Hyatt Maldives Hadahaa,Operating,9.238845,0.505700,73.453924
LD0540,GA,Gaafu Alifu,Hinaamaagalaa,ހިނާމާގަލާ,,Proposed / Pipeline,3.581947,0.630136,73.344188
LD0151,GA,Gaafu Alifu,Hirihuttaa,ހިރިހުއްޓާ,,Proposed / Pipeline,4.247586,0.540587,73.346251
LD0028,GA,Gaafu Alifu,Kerehdhoo,ކެރެހްދޫ,,Proposed / Pipeline,13.168785,0.659343,73.438259
LD1171,GA,Gaafu Alifu,Kodeymatheelaabadhoo,ކޮޑޭމަތީލާބަދޫ,,Proposed / Pipeline,7.544139,0.505761,73.498010
LD0024,GA,Gaafu Alifu,Maamutaa,މާމުޓާ,Pullman Maldives Maamutaa Resort,Operating,20.88964,0.846428,73.407505
LD0156,GA,Gaafu Alifu,Maarandhoo,މާރަންދޫ,,Proposed / Pipeline,4.646395,0.853727,73.209171
LD0911,GA,Gaafu Alifu,Maarehaa,މާރެހާ,,Proposed / Pipeline,15.600729,0.461452,73.563882
LD0153,GA,Gaafu Alifu,Mahahdhoo,މަހައްދޫ,,Proposed / Pipeline,16.559542,0.584141,73.513065
LD0462,GA,Gaafu Alifu,Meradhoo,މެރަދޫ,The Halcyon Private Isles Maldives Autograph Collection,Operating,5.770439,0.586779,73.093500
LD0946,GA,Gaafu Alifu,Munandhuvaa,މުނަންދޫވާ,,Proposed / Pipeline,6.355107,0.595640,73.500546
LD1449,GA,Gaafu Alifu,Odagallaa,އޮޑަގައްލާ,,Proposed / Pipeline,0.908344,0.662751,73.418355
LD0212,GA,Gaafu Alifu,Vodamulaa,ވޮޑަމުލާ,,Proposed / Pipeline,23.110928,0.604186,73.485885
LD0537,GDh,Gaafu Dhaalu,Dekaanbaa,ދެކާންބާ,,Proposed / Pipeline,1.957715,0.373757,73.022807
,GDh,Gaafu Dhaalu,Dherukurehaa,ދެރުކުރެހާ,,Proposed / Pipeline,8.4,0.245833,73.111944
LD0481,GDh,Gaafu Dhaalu,Dhigurehaa,ދިގުރެހާ,,Proposed / Pipeline,2.804223,0.421414,73.004783
LD0814,GDh,Gaafu Dhaalu,Dhoonirehaa,ދޫނިރެހާ,,Proposed / Pipeline,3.257954,0.324774,73.494165
LD0395,GDh,Gaafu Dhaalu,Farukolhuhuttaa,ފަރުކޮޅުހުއްޓާ,,Proposed / Pipeline,1.390936,0.195826,73.226291
LD0774,GDh,Gaafu Dhaalu,Fereythavilin'gili,ފެރޭތަވިލިނގިލި,,Proposed / Pipeline,1.692327,0.371997,73.023991
LD0430,GDh,Gaafu Dhaalu,Gazeeraa,ޖަޒީރާ,,Proposed / Pipeline,5.310266,0.266908,73.376827
LD0255,GDh,Gaafu Dhaalu,Havoddaa,ހަވޮއްޑާ,NH Collection Maldives Havodda Resort,Operating,10.84207,0.540336,73.095226
LD0607,GDh,Gaafu Dhaalu,Kaashidhoo,ކާށިދޫ,,Proposed / Pipeline,9.031042,0.335292,73.436584
LD0575,GDh,Gaafu Dhaalu,Kadevaarehaa,ކަދެވާރެހާ,,Proposed / Pipeline,5.063827,0.428241,73.003781
LD0198,GDh,Gaafu Dhaalu,Kan'dahalagalaa,ކަނޑަހަލަގަލާ,,Proposed / Pipeline,6.444506,0.225256,73.216569
LD0815,GDh,Gaafu Dhaalu,Koderataa,ކޮޑެރަޓާ,,Proposed / Pipeline,2.223634,0.367947,73.025326
LD0940,GDh,Gaafu Dhaalu,Konottaa,ކޮނޮއްޓާ,,Proposed / Pipeline,8.163207,0.462769,73.154773
LD0751,GDh,Gaafu Dhaalu,Lonudhoohuttaa,ލޮނުދޫހުއްޓާ,,Proposed / Pipeline,7.701849,0.301917,73.416728
LD0635,GDh,Gaafu Dhaalu,Maguhdhuvaa,މަގުއްދޫވާ,Ayada Maldives,Operating,15.066187,0.277691,73.356736
,GDh,Gaafu Dhaalu,Mudhimaahutta,މުދިމާހުއްޓާ,,Proposed / Pipeline,15.6,0.255000,73.346944
LD1019,GDh,Gaafu Dhaalu,Odagallaa,އޮޑަގައްލާ,,Proposed / Pipeline,5.983735,0.319496,73.380468
LD0693,GDh,Gaafu Dhaalu,Thinahuttaa,ތިނަހުއްޓާ,,Proposed / Pipeline,1.948502,0.359963,73.025948
LD1168,GDh,Gaafu Dhaalu,Ukurihuttaa,އުކުރިހުއްޓާ,,Proposed / Pipeline,11.861986,0.233018,73.126291
LD0586,GDh,Gaafu Dhaalu,Vatavarrehaa,ވަޓަވައްރެހާ,,Proposed / Pipeline,15.668226,0.256066,73.296174
,S,Seenu,Aboohuraa,އަބޫހުރާ,,Proposed / Pipeline,17.3,-0.641944,73.104444
,S,Seenu,Gauken'di,ގައުކެނޑި,,Proposed / Pipeline,5.5,-0.649167,73.106944
LD0722,S,Seenu,Geskalhaheraa,ގަސްކަޅަހެރާ,,Proposed / Pipeline,0.774554,-0.646138,73.221400
LD0817,S,Seenu,Gomahera,ގޮމަހެރާ,,Proposed / Pipeline,1.833494,-0.690949,73.183305
LD0219,S,Seenu,Hankede,ހަންކެޑެ,,Proposed / Pipeline,7.057356,-0.655834,73.111509
LD0990,S,Seenu,Herethere,ހެރެތެރެ,Canareef Resort Maldives,Operating,57.260598,-0.624667,73.224799
LD1472,S,Seenu,Ismehelaahera,އިސްމެހެލާހެރަ,,Proposed / Pipeline,12.148703,-0.579292,73.215822
LD0992,S,Seenu,Kedevaahera,ކެދެވާހެރާ,South Palm Resort Maldives,Operating,1.013324,-0.576940,73.207547
,S,Seenu,Kodadhihera gan'du,ކޮޑަދިހެރަ ގަނޑު,,Proposed / Pipeline,<3.0,-0.613056,73.147500
LD0384,S,Seenu,Mulikede,މުލިކެޑެ,,Proposed / Pipeline,6.23206,-0.658968,73.216181
LD0899,S,Seenu,Savaaheli,ސަވާހެލި,,Proposed / Pipeline,9.401453,-0.681036,73.126026
LD0035,S,Seenu,Vilin'gili,ވިލިނގިލި,Shangri-la Villingili Maldives,Operating,53.054801,-0.679637,73.192622
