FCODE,Atl,Atoll_Name,Island_Name,Island_Dhivehi,Category,Area_Ha,Lat_DD,Lon_DD
LD0408,HA,Haa Alifu,Beenaafushi,ބީނާފުށި,Uninhabited Island,2.213989,6.928337,73.136439
LD1037,HA,Haa Alifu,Dhapparuhuraa,ދައްޕަރުހުރާ,Uninhabited Island,0.06269,6.915229,73.211325
LD1459,HA,Haa Alifu,Dhigufaruhuraa,ދިގުފަރުހުރާ,Uninhabited Island,0.363655,6.925534,72.970093
LD0328,HA,Haa Alifu,Gallandhoo,ގައްލަންދޫ,Uninhabited Island,11.062963,6.946811,72.983254
LD0801,HA,Haa Alifu,Govvaafushi,ގޮއްވާފުށި,Uninhabited Island,1.656185,7.012664,72.919303
LD1189,HA,Haa Alifu,Hathifushi,ހަތިފުށި,Uninhabited Island,5.008324,7.020074,72.830747
LD1097,HA,Haa Alifu,Huvahandhoo,ހުވަހަންދޫ,Uninhabited Island,45.39337,6.959672,72.905308
LD0326,HA,Haa Alifu,Innafinolhu,އިންނަފިނޮޅު,Uninhabited Island,14.128302,7.073889,72.811079
LD0508,HA,Haa Alifu,Kan'daalifinolhu,ކަންޑާލިފިނޮޅު,Uninhabited Island,5.047389,6.925699,73.130521
LD0014,HA,Haa Alifu,Kudafinolhu,ކުޑަފިނޮޅު,Uninhabited Island,4.41564,6.989024,72.884560
LD0611,HA,Haa Alifu,Maafahi,މާފަހި,Uninhabited Island,100.130198,6.828913,73.156813
LD0824,HA,Haa Alifu,Maarandhoofarufinolhu,މާރަންދޫފަރުފިނޮޅު,Uninhabited Island,0.06688,6.828936,72.971936
LD0909,HA,Haa Alifu,Madulu,މަޑުލު,Uninhabited Island,15.081753,7.054854,72.953160
LD0103,HA,Haa Alifu,Matheerah,މަތީރަށް,Uninhabited Island,5.011408,7.027566,72.819015
LD0227,HA,Haa Alifu,Mulidhoo,މުލިދޫ,Uninhabited Island,67.881746,6.836089,73.011133
LD1132,HA,Haa Alifu,Umarefinolhu,އުމަރެފިނޮޅު,Uninhabited Island,0.486371,7.009501,72.851293
LD0494,HA,Haa Alifu,Un'gulifinolhu,އުނގުލިފިނޮޅު,Uninhabited Island,3.169843,6.970535,72.901096
LD0862,HA,Haa Alifu,Velifinolhu,ވެލިފިނޮޅު,Uninhabited Island,4.209848,6.994074,72.874567
LD1509,HA,Haa Alifu,,,Uninhabited Island,14.884309,6.972487,72.895296
LD1018,HDh,Haa Dhaalu,Faridhoo,ފަރިދޫ,Uninhabited Island,26.466145,6.784959,73.054026
LD0882,HDh,Haa Dhaalu,Fenboahuraa,ފެންބޯހުރާ,Uninhabited Island,7.232664,6.396417,72.694733
LD0199,HDh,Haa Dhaalu,Hirimaradhoo,ހިރިމަރަދޫ,Uninhabited Island,46.602385,6.724829,73.024217
LD1126,HDh,Haa Dhaalu,Hirinaidhoo,ހިރިނައިދޫ,Uninhabited Island,6.400555,6.701652,72.948262
LD0959,HDh,Haa Dhaalu,Hon'daidhoo,ހޮންޑައިދޫ,Uninhabited Island,18.039801,6.769782,73.087572
LD0487,HDh,Haa Dhaalu,Huraa,ހުރާ,Uninhabited Island,0.039778,6.678518,73.105106
LD0047,HDh,Haa Dhaalu,Innafushi,އިންނަފުށި,Uninhabited Island,2.282403,6.409006,72.645399
LD0858,HDh,Haa Dhaalu,Kanamana,ކަނަމަނަ,Uninhabited Island,2.798506,6.705265,72.899418
LD0370,HDh,Haa Dhaalu,Kattalafushi,ކައްޓަލަފުށި,Uninhabited Island,3.310857,6.566484,72.983020
LD0969,HDh,Haa Dhaalu,Keylakunu,ކޭލަކުނު,Uninhabited Island,90.781959,6.602807,73.009116
LD1040,HDh,Haa Dhaalu,Kun'burudhoo,ކުންބުރުދޫ,Uninhabited Island,50.444248,6.658276,73.027426
LD0708,HDh,Haa Dhaalu,Maavaidhoo,މާވައިދޫ,Uninhabited Island,41.98341,6.515448,73.053957
LD0130,HDh,Haa Dhaalu,Ruffushi,ރުއްފުށި,Uninhabited Island,0.59169,6.759009,72.938965
LD0303,HDh,Haa Dhaalu,Theefaridhoo,ތީފަރިދޫ,Industrial Island,56.359366,6.740188,73.033382
LD1138,HDh,Haa Dhaalu,Vaikaramuraidhoo,ވައިކަރަމުރައިދޫ,Uninhabited Island,68.481153,6.540966,72.896747
LD0017,HDh,Haa Dhaalu,Veligan'du,ވެލިގަނޑު,Uninhabited Island,0.286867,6.754259,72.938239
LD1207,HDh,Haa Dhaalu,,,Uninhabited Island,0.076685,6.648634,72.918176
LD1510,HDh,Haa Dhaalu,,,Uninhabited Island,0.663954,6.699642,73.113825
LD0285,Sh,Shaviyani,Bis alhaahuraa,ބިސްއަޅާހުރާ,Uninhabited Island,0.189342,6.155115,73.292507
LD0647,Sh,Shaviyani,Boduhuraa,ބޮޑުހުރާ,Uninhabited Island,0.617121,6.071721,73.043637
LD0193,Sh,Shaviyani,Bolissafaru,ބޮލިއްސަފަރު,Uninhabited Island,3.068737,5.981152,73.110752
LD0317,Sh,Shaviyani,Dhigurah,ދިގުރަށް,Uninhabited Island,3.206806,6.029630,73.068061
LD0923,Sh,Shaviyani,Dholhiyadhookudarah,ދޮޅިޔަދޫކުޑަރަށް,Uninhabited Island,0.163603,5.990233,73.224504
LD0279,Sh,Shaviyani,Dhonvelihuraa,ދޮންވެލިހުރާ,Uninhabited Island,8.834094,6.184592,73.298162
LD0155,Sh,Shaviyani,Ekasdhoo,އެކަސްދޫ,Industrial Island,91.994569,6.070783,73.284459
LD0491,Sh,Shaviyani,Eriadhoo,އެރިޔަދޫ,Industrial Island,62.834566,6.103669,73.286739
LD0049,Sh,Shaviyani,Firubaidhoo,ފިރުބައިދޫ,Industrial Island,16.3335,6.114306,73.227654
LD0854,Sh,Shaviyani,Gallaidhoo,ގައްލައިދޫ,Uninhabited Island,12.432299,5.969047,73.124411
LD0480,Sh,Shaviyani,Hirubadhoo,ހިރުބަދޫ,Uninhabited Island,13.053076,6.187869,73.245379
LD0266,Sh,Shaviyani,Kakaa eriyadhoo,ކަކާ އެރިޔަދޫ,Industrial Island,14.934822,6.478128,72.902320
LD0306,Sh,Shaviyani,Keekimini,ކީކިމިނި,Industrial Island,32.317659,6.007315,73.112029
LD0818,Sh,Shaviyani,Kudadhoo,ކުޑަދޫ,Uninhabited Island,3.515357,6.435975,72.907518
LD1159,Sh,Shaviyani,Kudafarufinolhu,ކުޑަފަރުފިނޮޅު,Uninhabited Island,1.325759,6.064171,73.044226
LD0141,Sh,Shaviyani,Maakan'doodhoo,މާކަންޑޫދޫ,Uninhabited Island,89.270221,6.234822,73.267407
LD0248,Sh,Shaviyani,Madidhoo,މަޑިދޫ,Industrial Island,104.596835,6.302396,73.108991
LD0210,Sh,Shaviyani,Madikurehdhoo,މަޑިކުރެދްދޫ,Industrial Island,46.236508,6.284397,73.151020
LD0485,Sh,Shaviyani,Mairah,މައިރަށް,Uninhabited Island,6.891593,6.019475,73.087603
LD0402,Sh,Shaviyani,Mathikomandoo,މަތިކޮމަންޑޫ,Uninhabited Island,8.48867,6.057121,73.046090
LD0074,Sh,Shaviyani,Medhukun'burudhoo,މެދުކުންބުރުދޫ,Industrial Island,46.935419,6.197024,73.030070
LD0655,Sh,Shaviyani,Medhurah,މެދުރަށް,Uninhabited Island,6.686338,6.024089,73.077333
LD0465,Sh,Shaviyani,Migoodhoo,މިގޫދޫ,Uninhabited Island,8.669644,6.228747,73.241273
LD0131,Sh,Shaviyani,Naalaahuraa,ނާލާހުރާ,Uninhabited Island,0.630057,6.127856,73.036051
LD0744,Sh,Shaviyani,Nalandhoo,ނަލަންދޫ,Uninhabited Island,63.990282,6.324946,73.228295
LD0090,Sh,Shaviyani,Narurin'budhoo,ނަރުރިންބުދޫ,Uninhabited Island,27.588036,6.279269,73.195768
LD1169,Sh,Shaviyani,Neyo,ނޭޔޮ,Uninhabited Island,20.55523,6.450320,73.059655
LD0463,Sh,Shaviyani,Raggan'duhuraa,ރައްގަނޑުހުރާ,Uninhabited Island,0.022541,6.111950,73.038289
LD1206,Sh,Shaviyani,,,Uninhabited Island,0.273725,6.171239,73.296515
LD1511,Sh,Shaviyani,,,Uninhabited Island,0.055544,6.095204,73.030005
LD1512,Sh,Shaviyani,,,Uninhabited Island,0.082172,6.121573,73.026352
LD1513,Sh,Shaviyani,,,Uninhabited Island,0.314503,6.279279,73.009886
LD1514,Sh,Shaviyani,,,Uninhabited Island,0.081162,6.471678,72.889858
LD1515,Sh,Shaviyani,,,Uninhabited Island,0.06954,6.067670,73.043702
LD1516,Sh,Shaviyani,,,Uninhabited Island,0.654678,6.142395,73.047995
LD1517,Sh,Shaviyani,,,Uninhabited Island,0.072282,6.141653,73.055716
LD1145,N,Noonu,Ban'daidhidhdhoo,ބަނޑައިދިއްދޫ,Industrial Island,28.636439,5.685025,73.257620
LD0713,N,Noonu,Bodufushi,ބޮޑުފުށި,Uninhabited Island,0.395611,5.699178,73.410449
LD0823,N,Noonu,Bodulhaimendhoo,ބޮޑުޅައިމެންދޫ,Uninhabited Island,38.935391,6.000023,73.302775
LD0808,N,Noonu,Bomasdhoo,ބޮމަސްދޫ,Industrial Island,28.363455,5.971894,73.345677
LD0258,N,Noonu,Burehifasdhoo,ބުރެހިފަސްދޫ,Uninhabited Island,37.257277,5.965541,73.368089
LD0213,N,Noonu,Dheefuram,ދީފުރަމް,Uninhabited Island,2.377818,5.887745,73.318757
LD1105,N,Noonu,Dhekenanfaru,ދެކެނަންފަރު,Uninhabited Island,2.640705,5.920088,73.157222
LD1083,N,Noonu,Dhelibey ruh elhihuraa,ދެލިބޭ ރުއް އެޅިހުރާ,Uninhabited Island,0.078673,5.807262,73.456675
LD0619,N,Noonu,Dhonaeri kan'doodhoo,ދޮނައެރި ކަންދޫދޫ,Uninhabited Island,21.346884,5.646380,73.329579
LD0177,N,Noonu,Farumuli,ފަރުމުލި,Uninhabited Island,0.405758,5.864709,73.475330
LD0944,N,Noonu,Felivaru,ފެލިވަރު,Industrial Island,11.276552,5.835912,73.306486
LD0123,N,Noonu,Fohdhipparu,ފޮއްދިއްޕަރު,Uninhabited Island,1.575476,5.753622,73.208376
LD0091,N,Noonu,Goan'bilivaadhoo,ގޮއިންބިލިވާދޫ,Uninhabited Island,13.91391,5.822742,73.387439
LD0906,N,Noonu,Hulhudhoo,ހުޅުދޫ,Uninhabited Island,8.592477,5.815067,73.318955
LD0567,N,Noonu,In'guraidhoo,އިނގުރައިދޫ,Uninhabited Island,13.122934,5.797149,73.344709
LD0795,N,Noonu,Kaalhugemendhoo,ކާޅުގެމެންދޫ,Uninhabited Island,0.28883,5.787126,73.354162
LD0121,N,Noonu,Kafakomandoo,ކަފަކޮމަންޑޫ,Uninhabited Island,7.824414,5.962268,73.386268
LD0616,N,Noonu,Kalaidhoo,ކަލައިދޫ,Uninhabited Island,31.721804,5.983456,73.323632
LD0877,N,Noonu,Kan'dinmaahuraa,ކަނޑިންމާހުރާ,Uninhabited Island,0.558283,5.857812,73.480151
LD0133,N,Noonu,Karinma,ކަރިންމަ,Uninhabited Island,0.204729,5.658689,73.372630
LD0327,N,Noonu,Karinmavattaru,ކަރިންމާވައްޓަރު,Uninhabited Island,43.832388,5.669801,73.386881
LD0387,N,Noonu,Kedhivaru,ކެދިވަރު,Uninhabited Island,17.030559,5.852149,73.336336
LD0284,N,Noonu,Kudafushi,ކުޑަފުށި,Industrial Island,0.346564,5.702761,73.413074
LD0421,N,Noonu,Kuramaadhoo,ކުރަމާދޫ,Uninhabited Island,17.3007,5.873231,73.143808
LD0453,N,Noonu,Maafunafaru,މާފުނަފަރު,Uninhabited Island,23.545818,5.861187,73.366237
LD1499,N,Noonu,Maakanaafushi,މާކަނާފުށި,Uninhabited Island,0.05003,5.727782,73.416221
LD0734,N,Noonu,Maakurandhoo,މާކުރަންދޫ,Industrial Island,27.187097,5.696564,73.311977
LD0559,N,Noonu,Maavahdhoo,މާވަހްދޫ,Uninhabited Island,12.690601,5.814941,73.326356
LD0650,N,Noonu,Minaavaru,މިނާވަރު,Industrial Island,42.011806,5.768620,73.343677
LD0092,N,Noonu,Orivarukudarah,އޮރިވަރުކުޑަރަށް,Uninhabited Island,0.028763,5.801009,73.293641
LD0871,N,Noonu,Than'burudhoo,ތަންބުރުދޫ,Industrial Island,5.900963,5.716573,73.234696
LD0696,N,Noonu,Tholhendhoo,ތޮޅެންދޫ,Uninhabited Island,16.416521,5.920789,73.436452
LD0271,N,Noonu,Vavathi,ވައްވަތީ,Industrial Island,19.416668,5.796395,73.227421
LD1128,N,Noonu,Vihafarufinolhu,ވިހަފަރުފިނޮޅު,Uninhabited Island,0.258167,5.681043,73.281233
LD0238,N,Noonu,,,Uninhabited Island,0.766869,5.660891,73.377583
LD1187,N,Noonu,,,Uninhabited Island,0.23233,5.658712,73.373816
LD1518,N,Noonu,,,Uninhabited Island,0.086223,5.662452,73.278562
LD1519,N,Noonu,,,Uninhabited Island,2.317535,5.694895,73.344785
LD1520,N,Noonu,,,Uninhabited Island,0.05898,5.682317,73.275906
LD1521,N,Noonu,,,Uninhabited Island,0.054316,5.702217,73.280937
LD1522,N,Noonu,,,Uninhabited Island,0.140139,5.886109,73.381433
LD1523,N,Noonu,,,Uninhabited Island,0.089018,5.834035,73.212249
LD1524,N,Noonu,,,Uninhabited Island,0.287181,5.733885,73.362846
LD1525,N,Noonu,,,Uninhabited Island,1.561162,5.696873,73.336142
LD1526,N,Noonu,,,Uninhabited Island,1.075753,5.698921,73.335421
LD1527,N,Noonu,,,Uninhabited Island,0.005812,5.874581,73.348841
LD1528,N,Noonu,,,Uninhabited Island,0.112178,5.704829,73.414620
LD0965,R,Raa,Angaagiri,އަންގާގިރި,Uninhabited Island,2.487905,5.556412,72.946044
LD0917,R,Raa,Arilundhoo,އަރިލުންދޫ,Uninhabited Island,3.584128,5.660229,72.957670
LD0320,R,Raa,Ban'daveri,ބަނޑަވެރި,Uninhabited Island,2.423216,5.622719,72.852252
LD0632,R,Raa,Bodufen maaen'budhoo,ބޮޑުފެން މާއެނބޫދޫ,Uninhabited Island,3.149007,5.629719,72.924133
LD0086,R,Raa,Boduhaiykodi,ބޮޑުހައިކޮޑި,Industrial Island,4.151579,5.611436,72.969752
LD0134,R,Raa,Boduhuraa,ބޮޑުހުރާ,Uninhabited Island,0.616468,5.417963,73.022530
LD0493,R,Raa,Dheburidheythereyvaadhoo,ދެބުރިދެތެރޭވާދޫ,Industrial Island,10.055359,5.400698,72.991366
LD0315,R,Raa,Dhekunumaafaru,ދެކުނުމާފަރު,Uninhabited Island,0.113414,5.432263,72.896531
LD0404,R,Raa,Dhikkurehdhoo,ދިއްކުރެހްދޫ,Uninhabited Island,4.833281,5.576874,72.957207
LD1055,R,Raa,Dhinnaafushi,ދިންނާފުށި,Uninhabited Island,0.609908,5.589030,72.833090
LD0821,R,Raa,Dhuvaafaruhuraa,ދުވާފަރުހުރާ,Uninhabited Island,0.220021,5.639874,73.041573
LD1117,R,Raa,Ethigan'du jehihuraa,އެތިގަނޑު ޖެހިހުރާ,Uninhabited Island,0.02783,5.424122,73.029792
LD0676,R,Raa,Fasgan'dufaru,ފަސްގަނޑުފަރު,Uninhabited Island,0.490459,5.757898,72.939696
LD1120,R,Raa,Fenfushi,ފެންފުށި,Industrial Island,4.831229,5.382442,72.902284
LD0105,R,Raa,Gaaun'doodhoo,ގާއުނޑޫދޫ,Industrial Island,16.415565,5.749472,73.015715
LD1151,R,Raa,Gemana,ގެމަނަ,Uninhabited Island,2.44989,5.537110,72.984983
LD0122,R,Raa,Giraavaru,ގިރާވަރު,Uninhabited Island,1.111444,5.588334,72.861165
LD0355,R,Raa,Goboshi,ގޮބޮށި,Uninhabited Island,1.796438,5.551651,72.884182
LD1022,R,Raa,Goiymaru,ގޮއިމަރު,Uninhabited Island,2.1174,5.630177,72.887583
LD0144,R,Raa,Goyyafaru,ގޮއްޔަފަރު,Uninhabited Island,3.389197,5.564944,72.928291
LD0106,R,Raa,Hiboodhoo,ހިބޫދޫ,Uninhabited Island,2.484019,5.612637,72.919066
LD0385,R,Raa,Hiraveri,ހިރަވެރި,Uninhabited Island,0.484165,5.571638,72.869436
LD0612,R,Raa,Hulhudhoo,ހުޅުދޫ,Uninhabited Island,1.633271,5.738559,73.018982
LD0298,R,Raa,Ifuru,އިފުރު,Industrial Island,57.471278,5.708029,73.024114
LD0800,R,Raa,Kan'dholhudhoo,ކަނޑޮޅުދޫ,Uninhabited Island,11.799283,5.618752,72.855106
LD0509,R,Raa,Kandhoomeehunge lhaan'bugali,ކަންދޫމީހުންގެ ޅާންބުގަލި,Uninhabited Island,0.555247,5.731085,72.919896
LD0478,R,Raa,Kudafen maaen'boodhoo,ކުޑަފެން މާއެނބޫދޫ,Uninhabited Island,1.338788,5.625166,72.935832
LD0025,R,Raa,Kudalhosgiri,ކުޑަލްހޮސްގިރި,Uninhabited Island,1.007703,5.602177,72.913946
LD0496,R,Raa,Kudathulhaadhoo,ކުޑަތުޅާދޫ,Uninhabited Island,1.801702,5.407633,72.898990
LD1122,R,Raa,Kukulhudhoo,ކުކުޅުދޫ,Uninhabited Island,2.963137,5.459219,72.871178
LD1238,R,Raa,Kukulhudhuffaru,ކުކުޅުދުއްފަރު,Uninhabited Island,2.729344,5.473334,72.843958
LD0018,R,Raa,Kurehdhoo,ކުރެދްދޫ,Uninhabited Island,3.531039,5.640484,72.894562
LD0667,R,Raa,Lhaan'bugali,ޅާންބުގަލި,Uninhabited Island,2.655641,5.552766,72.876765
LD0872,R,Raa,Lhohi,ޅޮހި,Industrial Island,3.864406,5.461513,72.885259
LD0580,R,Raa,Lun'boakandhoo,ލުންބޯކަންދޫ,Industrial Island,18.353503,5.730636,72.934323
LD0779,R,Raa,Maamunagaufinolhu,މާމުނަގައުފިނޮޅު,Uninhabited Island,0.216741,5.369618,72.876189
LD0679,R,Raa,Maashigiri,މާށިގިރި,Uninhabited Island,11.241924,5.513939,72.826867
LD0319,R,Raa,Madivaafaru,މަޑިވާފަރު,Uninhabited Island,0.898328,5.608277,72.989531
LD0269,R,Raa,Mahidhoo,މަހިދޫ,Uninhabited Island,1.050065,5.537545,72.944284
LD1212,R,Raa,Minaadhoo,މިނާދޫ,Uninhabited Island,0.100738,5.588152,72.927476
LD0297,R,Raa,Mullaafushi,މުއްލާފުށި,Uninhabited Island,1.474316,5.581199,72.906860
LD0603,R,Raa,Mullaafushi,މުއްލާފުށި,Uninhabited Island,0.641965,5.519887,72.907477
LD0840,R,Raa,Neyo,ނޭޔޮ,Uninhabited Island,7.190373,5.492583,73.038893
LD0434,R,Raa,Thaavathaa,ތާވަތާ,Uninhabited Island,8.220484,5.485296,72.975809
LD0070,R,Raa,Un'gulu,އުނގުލު,Industrial Island,13.780703,5.690919,73.026375
LD0231,R,Raa,Vaffushi,ވައްފުށި,Uninhabited Island,1.030809,5.629278,72.862699
LD0113,R,Raa,Vaffushihuraa,ވައްފުށިހުރާ,Uninhabited Island,0.985231,5.642823,72.839931
LD1503,R,Raa,Vakkarufaru,ވައްކަރުފަރު,Uninhabited Island,0.035236,5.515144,72.926885
LD0736,R,Raa,Vandhoo,ވަންދޫ,Uninhabited Island,39.933074,5.531598,73.041885
LD0661,R,Raa,Vilin'gili,ވިލިނގިލި,Uninhabited Island,4.448541,5.376738,72.954920
LD1231,R,Raa,,,Uninhabited Island,0.680616,5.422706,73.028080
LD1232,R,Raa,,,Uninhabited Island,0.043903,5.420117,73.024078
LD1233,R,Raa,,,Uninhabited Island,0.058701,5.414008,73.015547
LD1236,R,Raa,,,Uninhabited Island,0.24704,5.608238,72.941871
LD1237,R,Raa,,,Uninhabited Island,0.801517,5.569295,72.829919
LD1529,R,Raa,,,Uninhabited Island,0.459669,5.531439,72.801497
LD1530,R,Raa,,,Uninhabited Island,0.023927,5.535766,72.922732
LD1531,R,Raa,,,Uninhabited Island,0.069055,5.775008,72.928142
LD1532,R,Raa,,,Uninhabited Island,0.263163,5.748071,72.866468
LD1533,R,Raa,,,Uninhabited Island,0.314306,5.723251,72.861795
LD1534,R,Raa,,,Uninhabited Island,0.203986,5.629981,72.883417
LD1535,R,Raa,,,Uninhabited Island,0.051107,5.618255,72.829673
LD1536,R,Raa,,,Uninhabited Island,0.068994,5.612015,72.849523
LD1537,R,Raa,,,Uninhabited Island,0.03094,5.614078,72.849927
LD1538,R,Raa,,,Uninhabited Island,0.171302,5.964738,72.957990
LD1539,R,Raa,,,Uninhabited Island,0.164814,5.769885,72.967133
LD1540,R,Raa,,,Uninhabited Island,0.250521,5.768957,72.967756
LD1541,R,Raa,,,Uninhabited Island,0.038723,5.577392,72.880952
LD1542,R,Raa,,,Uninhabited Island,0.071409,5.542691,72.902239
LD1543,R,Raa,,,Uninhabited Island,0.210924,5.445691,72.945446
LD1544,R,Raa,,,Uninhabited Island,0.445981,5.388144,72.976255
LD1545,R,Raa,,,Uninhabited Island,0.022498,5.664107,72.849962
LD1546,R,Raa,,,Uninhabited Island,0.042195,5.540829,72.810304
LD1547,R,Raa,,,Uninhabited Island,0.078403,5.509235,73.036058
LD1548,R,Raa,,,Uninhabited Island,0.122848,5.516481,72.925904
LD0861,B,Baa,Ahivaffushi,އަހިވައްފުށި,Uninhabited Island,0.312543,5.228497,72.856991
LD0164,B,Baa,Aidhoo,އައިދޫ,Industrial Island,3.390635,5.187292,73.163568
LD1224,B,Baa,An'gaafaru,އަނގާފަރު,Uninhabited Island,1.659028,5.177502,73.099236
LD0454,B,Baa,Anhenunfushi,އަންހެނުންފުށި,Uninhabited Island,20.526428,5.342137,72.968693
LD0055,B,Baa,Bathalaa,ބަތަލާ,Uninhabited Island,1.762063,5.353316,73.068175
LD1211,B,Baa,Bathalaahuraa,ބަތަލާހުރާ,Uninhabited Island,0.801144,5.357390,73.061994
LD1280,B,Baa,Boadhaafushi,ބޯދާފުށި,Uninhabited Island,3.170277,4.881660,72.894951
LD0687,B,Baa,Dhakandhoo,ދަކަންދޫ,Uninhabited Island,5.733043,5.248385,72.893652
LD1054,B,Baa,Dhashufaruhuraa,ދަށުފަރުހުރާ,Uninhabited Island,0.075837,4.817379,72.909928
LD1216,B,Baa,Dhoogan'dufinolhu,ދޫގަނޑުފިނޮޅު,Uninhabited Island,0.36693,5.247400,73.151976
LD1504,B,Baa,Finolhufaru,ފިނޮޅުފަރު,Uninhabited Island,0.025725,5.183933,72.934623
LD0594,B,Baa,Gaagan'dufaruhuraa,ގާގަނޑުފަރުހުރާ,Uninhabited Island,0.108856,5.369215,73.060843
LD0410,B,Baa,Gaavilin'gili,ގާވިލިންގިލި,Uninhabited Island,1.994262,5.062096,72.837510
LD0502,B,Baa,Gemendhoo,ގެމެންދޫ,Uninhabited Island,1.895214,5.275599,73.019793
LD0601,B,Baa,Hanifaru,ހަނިފަރު,Uninhabited Island,2.648272,5.183098,73.133052
LD1214,B,Baa,Hanifaruhuraa,ހަނިފަރުހުރާ,Uninhabited Island,0.027229,5.172893,73.151435
LD0226,B,Baa,Hulhudhoo,ހުޅުދޫ,Uninhabited Island,4.179721,5.274912,73.025159
LD0889,B,Baa,Hulhudhoo,ހުޅުދޫ,Uninhabited Island,2.388381,5.071312,73.031741
LD1137,B,Baa,Kashidhoo,ކަށިދޫ,Industrial Island,6.608706,5.297178,72.968702
LD1115,B,Baa,Keyodhoo,ކެޔޮދޫ,Uninhabited Island,3.257111,5.276622,72.996030
LD0544,B,Baa,Kudadhoo,ކުޑަދޫ,Uninhabited Island,0.646773,5.028754,72.991768
LD0535,B,Baa,Maaddoo,މާއްދޫ,Uninhabited Island,25.930895,5.092783,73.062681
LD1220,B,Baa,Maafusheefinolhu,މާފުށީފިނޮޅު,Uninhabited Island,0.201373,5.231380,73.191061
LD1153,B,Baa,Maarikilu,މާރިކިލު,Industrial Island,26.773437,5.334986,72.952531
LD0841,B,Baa,Madhirivaadhoo,މަދިރިވާދޫ,Uninhabited Island,5.1747,5.268895,73.161264
LD0968,B,Baa,Mathifaru,މަތިފަރު,Uninhabited Island,1.038861,4.816068,72.890462
LD0135,B,Baa,Medhufinolhu,މެދުފިނޮޅު,Uninhabited Island,3.356469,5.015829,72.966891
LD0466,B,Baa,Nelivarufinolhu,ނެލިވަރުފިނޮޅު,Uninhabited Island,0.99465,5.125979,73.085787
LD0958,B,Baa,Nibiligaa,ނިބިލިގާ,Uninhabited Island,1.592583,5.174184,72.944158
LD0672,B,Baa,Olhugiri,އޮޅުގިރި,Uninhabited Island,20.677144,5.001314,72.905856
LD0264,B,Baa,Un'doodhoo,އުނޑޫދޫ,Industrial Island,12.904623,5.274655,73.042440
LD1219,B,Baa,Vandhuhmaafarufinolhu,ވަންދުއްމާފަރުފިނޮޅު,Uninhabited Island,0.174816,5.237308,73.190959
LD0162,B,Baa,Velavaru,ވެލާވަރު,Uninhabited Island,0.208053,5.206677,72.920747
LD0769,B,Baa,Veyofushi,ވެޔޮފުށި,Uninhabited Island,0.307479,5.229556,73.156228
LD0742,B,Baa,Vinaneiyfaruhuraa,ވިނަނެތްފަރުހުރާ,Uninhabited Island,0.15063,5.346199,73.078716
LD0781,B,Baa,,,Uninhabited Island,3.598788,5.325433,73.086157
LD0991,B,Baa,,,Uninhabited Island,1.66211,5.167230,73.057133
LD1208,B,Baa,,,Uninhabited Island,0.031108,5.295273,72.963701
LD1209,B,Baa,,,Uninhabited Island,1.742012,5.299529,72.955251
LD1210,B,Baa,,,Uninhabited Island,0.102837,5.341753,73.075439
LD1217,B,Baa,,,Uninhabited Island,0.603506,5.253347,73.120002
LD1218,B,Baa,,,Uninhabited Island,0.179305,5.240546,73.191096
LD1221,B,Baa,,,Uninhabited Island,0.029423,5.226024,73.190836
LD1222,B,Baa,,,Uninhabited Island,2.764025,5.181111,73.032163
LD1223,B,Baa,,,Uninhabited Island,0.078649,5.165520,73.062173
LD1225,B,Baa,,,Uninhabited Island,0.799257,5.167023,73.041461
LD1229,B,Baa,,,Uninhabited Island,3.630237,5.283828,73.096563
LD1230,B,Baa,,,Uninhabited Island,0.1369,5.297791,73.012853
LD1271,B,Baa,,,Uninhabited Island,0.018005,4.884593,72.954540
LD1272,B,Baa,,,Uninhabited Island,0.211031,4.884211,72.975651
LD1273,B,Baa,,,Uninhabited Island,0.011279,4.882990,72.941717
LD1274,B,Baa,,,Uninhabited Island,0.016891,4.884778,72.947927
LD1275,B,Baa,,,Uninhabited Island,0.146653,4.885025,72.952411
LD1276,B,Baa,,,Uninhabited Island,0.015186,4.886005,72.941798
LD1277,B,Baa,,,Uninhabited Island,0.36045,4.881478,72.887042
LD1279,B,Baa,,,Uninhabited Island,0.945049,4.880729,72.889848
LD1283,B,Baa,,,Uninhabited Island,0.116068,4.883150,72.901160
LD1284,B,Baa,,,Uninhabited Island,0.381795,4.883537,72.907229
LD1287,B,Baa,,,Uninhabited Island,0.878812,4.884069,72.912714
LD1288,B,Baa,,,Uninhabited Island,0.362751,4.884317,72.921459
LD1549,B,Baa,,,Uninhabited Island,0.024539,5.348525,73.068960
LD1550,B,Baa,,,Uninhabited Island,0.018459,5.353669,73.073696
LD1551,B,Baa,,,Uninhabited Island,0.157127,5.218004,72.876367
LD1552,B,Baa,,,Uninhabited Island,0.121234,5.170960,72.926478
LD1553,B,Baa,,,Uninhabited Island,0.023166,5.164598,73.063852
LD1554,B,Baa,,,Uninhabited Island,0.859784,5.012975,72.857977
LD1555,B,Baa,,,Uninhabited Island,0.033567,5.013000,72.858863
LD1556,B,Baa,,,Uninhabited Island,0.690641,5.061130,72.845905
LD1557,B,Baa,,,Uninhabited Island,0.073748,5.075623,72.876273
LD1558,B,Baa,,,Uninhabited Island,0.279847,5.133718,72.978882
LD1559,B,Baa,,,Uninhabited Island,0.24511,5.358021,73.001933
LD1560,B,Baa,,,Uninhabited Island,0.091656,5.358274,73.002538
LD1561,B,Baa,,,Uninhabited Island,0.175331,4.818058,72.911304
LD0282,Lh,Lhaviyani,Aligau,އަލިގައު,Industrial Island,1.983244,5.244135,73.516560
LD0963,Lh,Lhaviyani,Boamandhipparu huraagan'du,ބޯމަންދިއްޕަރު ހުރާގަނޑު,Uninhabited Island,0.808733,5.498268,73.510559
LD0809,Lh,Lhaviyani,Bodugaahuraa,ބޮޑުގާހުރާ,Uninhabited Island,0.328314,5.332519,73.656854
LD1028,Lh,Lhaviyani,Dhashugirifinolhu,ދަށުގިރިފިނޮޅު,Uninhabited Island,0.035467,5.421716,73.425010
LD0714,Lh,Lhaviyani,Dhehuraa evvihuraa,ދެހުރާ އެއްވިހުރާ,Uninhabited Island,0.87792,5.554690,73.489445
LD0547,Lh,Lhaviyani,Dhiffushi,ދިއްފުށި,Uninhabited Island,15.171667,5.386712,73.649400
LD1136,Lh,Lhaviyani,Dhihdhoo,ދިއްދޫ,Uninhabited Island,13.186313,5.376197,73.382417
LD1101,Lh,Lhaviyani,Dhirun'baahuraa,ދިރުންބާހުރާ,Uninhabited Island,0.004968,5.353971,73.658597
LD0666,Lh,Lhaviyani,Faadhoo,ފާދޫ,Industrial Island,12.304573,5.431598,73.629926
LD1267,Lh,Lhaviyani,Faadhoohuraagan'du,ފާދޫހުރާގަނޑު,Uninhabited Island,0.533495,5.435924,73.619603
LD0096,Lh,Lhaviyani,Fainu aadhanhuraa,ފައިނުއާދަންހުރާ,Uninhabited Island,0.092492,5.358524,73.657769
LD0119,Lh,Lhaviyani,Fehigili,ފެހިގިލި,Uninhabited Island,0.676979,5.557351,73.481343
LD0046,Lh,Lhaviyani,Felivaru,ފެލިވަރު,Industrial Island,46.705251,5.476991,73.386228
LD1013,Lh,Lhaviyani,Gaaerifaru,ގާއެރިފަރު,Uninhabited Island,3.421922,5.485445,73.403490
LD0576,Lh,Lhaviyani,Govvaafushi,ގޮއްވާފުށި,Uninhabited Island,0.0077,5.357157,73.658498
LD1111,Lh,Lhaviyani,Hiriyaadhoo,ހިރިޔާދޫ,Uninhabited Island,29.110873,5.412270,73.643833
LD0116,Lh,Lhaviyani,Kalhumanjehuraa,ކަޅުމަންޖެހުރާ,Uninhabited Island,0.75553,5.553657,73.482976
LD0015,Lh,Lhaviyani,Lhohi,ޅޮހި,Industrial Island,10.719078,5.321573,73.472835
LD1179,Lh,Lhaviyani,Lhossalafushi,ޅޮއްސަލަފުށި,Uninhabited Island,28.181335,5.307542,73.483156
LD0490,Lh,Lhaviyani,Maafilaafushi,މާފިލާފުށި,Uninhabited Island,57.20191,5.362824,73.417280
LD0183,Lh,Lhaviyani,Maakoa,މާކޯ,Uninhabited Island,24.591665,5.357464,73.430339
LD0354,Lh,Lhaviyani,Madivaru,މަޑިވަރު,Uninhabited Island,36.361705,5.458756,73.370262
LD0211,Lh,Lhaviyani,Maduvvari,މަޑުއްވަރި,Uninhabited Island,24.04919,5.284929,73.502275
LD0678,Lh,Lhaviyani,Maidhoo,މައިދޫ,Uninhabited Island,20.986256,5.397491,73.648556
LD0860,Lh,Lhaviyani,Mas leggihuraa,މަސްލެގިހުރާ,Uninhabited Island,1.191154,5.543712,73.500829
LD0330,Lh,Lhaviyani,Medhafushi,މެދަފުށި,Uninhabited Island,1.613066,5.355584,73.426906
LD0262,Lh,Lhaviyani,Meedhaadihuraa,މީދާދިހުރާ,Uninhabited Island,2.384277,5.369327,73.407742
LD0626,Lh,Lhaviyani,Sehlhifushi,ސެޅިފުށި,Uninhabited Island,15.607421,5.421585,73.641277
LD0730,Lh,Lhaviyani,Varihuraa,ވަރިހުރާ,Uninhabited Island,1.844888,5.303534,73.488182
LD0124,Lh,Lhaviyani,Vavvaru,ވައްވަރު,Uninhabited Island,3.088752,5.417345,73.354400
LD1249,Lh,Lhaviyani,Veligan'du,ވެލިގަނޑު,Uninhabited Island,1.479462,5.528593,73.437805
LD0464,Lh,Lhaviyani,Vihafarufinolhu,ވިހަފަރުފިނޮޅު,Uninhabited Island,0.279296,5.455812,73.582044
LD1109,Lh,Lhaviyani,,,Uninhabited Island,0.190559,5.371382,73.353374
LD1241,Lh,Lhaviyani,,,Uninhabited Island,0.030607,5.407648,73.351719
LD1242,Lh,Lhaviyani,,,Uninhabited Island,0.014589,5.557301,73.483888
LD1244,Lh,Lhaviyani,,,Uninhabited Island,0.208231,5.545969,73.496784
LD1252,Lh,Lhaviyani,,,Uninhabited Island,0.379525,5.376728,73.391725
LD1253,Lh,Lhaviyani,,,Uninhabited Island,0.09873,5.376715,73.389924
LD1255,Lh,Lhaviyani,,,Uninhabited Island,0.069394,5.375525,73.374097
LD1256,Lh,Lhaviyani,,,Uninhabited Island,0.262662,5.374671,73.372020
LD1261,Lh,Lhaviyani,,,Uninhabited Island,0.139971,5.372172,73.354976
LD1262,Lh,Lhaviyani,,,Uninhabited Island,0.032102,5.367922,73.419054
LD1266,Lh,Lhaviyani,,,Uninhabited Island,0.09096,5.315471,73.642133
LD1268,Lh,Lhaviyani,,,Uninhabited Island,0.623333,5.498225,73.425770
LD1562,Lh,Lhaviyani,,,Uninhabited Island,0.182344,5.312347,73.642591
LD1563,Lh,Lhaviyani,,,Uninhabited Island,0.287391,5.314984,73.643467
LD1564,Lh,Lhaviyani,,,Uninhabited Island,0.37902,5.299918,73.637718
LD1565,Lh,Lhaviyani,,,Uninhabited Island,0.300219,5.293561,73.623610
LD1566,Lh,Lhaviyani,,,Uninhabited Island,0.07912,5.507531,73.432557
LD1567,Lh,Lhaviyani,,,Uninhabited Island,0.125417,5.515508,73.436153
LD1568,Lh,Lhaviyani,,,Uninhabited Island,0.125367,5.493532,73.515372
LD1569,Lh,Lhaviyani,,,Uninhabited Island,0.195507,5.275275,73.590173
LD1570,Lh,Lhaviyani,,,Uninhabited Island,0.426409,5.277077,73.590271
LD1571,Lh,Lhaviyani,,,Uninhabited Island,0.946884,5.275913,73.588259
LD1572,Lh,Lhaviyani,,,Uninhabited Island,0.216563,5.529091,73.503058
LD1573,Lh,Lhaviyani,,,Uninhabited Island,0.611977,5.285222,73.623632
LD1574,Lh,Lhaviyani,,,Uninhabited Island,2.388772,5.344134,73.657494
LD1575,Lh,Lhaviyani,,,Uninhabited Island,0.40484,5.347394,73.655074
LD1576,Lh,Lhaviyani,,,Uninhabited Island,1.099968,5.350669,73.650774
LD1089,K,Kaafu,Aarah,އާރަށް,Institutional Island,5.860183,4.230106,73.494589
LD1320,K,Kaafu,Bodubis,ބޮޑުބިސް,Uninhabited Island,0.025017,4.275486,73.414519
LD0712,K,Kaafu,Bulhifushi,ބުޅިފުށި,Uninhabited Island,0.574422,3.980012,73.501435
LD0389,K,Kaafu,Dhoonidhoo,ދޫނިދޫ,Institutional Island,4.116428,4.197119,73.513931
LD1703,K,Kaafu,Fariiruhuraa,ފަރިިއިރުހުރާ,Uninhabited Island,12.077187,4.594685,73.584284
LD1730,K,Kaafu,Faritharihuraa,ފަރިތަރިހުރާ,Uninhabited Island,17.291949,4.614359,73.570309
LD0483,K,Kaafu,Funadhoo,ފުނަދޫ,Uninhabited Island,5.57893,4.183783,73.517879
LD0495,K,Kaafu,Gaagan'du,ގާގަނޑު,Uninhabited Island,1.113038,4.249442,73.537026
LD0359,K,Kaafu,Girifushi,ގިރިފުށި,Institutional Island,5.87487,4.318344,73.578308
LD0890,K,Kaafu,Hulhule,ހުޅުލެ,Industrial Island,332.302213,4.195246,73.531788
LD1323,K,Kaafu,Ithaafinolhu,އިތާފިނޮޅު,Uninhabited Island,0.251054,4.000791,73.391251
LD0642,K,Kaafu,Kalhuhuraa,ކަޅުހުރާ,Uninhabited Island,0.052215,4.009599,73.371965
LD1508,K,Kaafu,Kan'baashaa,ކަނބާޝާ,Uninhabited Island,9.21301,4.620521,73.395591
LD0656,K,Kaafu,Kan'duoiygiri,ކަނޑުއޮއިގިރި,Industrial Island,3.896978,4.257936,73.540507
LD1762,K,Kaafu,Kassanfushi,ކައްސަންފުށި,Uninhabited Island,10.763659,4.518717,73.661225
LD1777,K,Kaafu,Kudagiri,ކުޑަގިރި,Uninhabited Island,9.78436,4.226544,73.426730
LD0842,K,Kaafu,Lhosfushi,ޅޮސްފުށި,Uninhabited Island,0.902532,3.897187,73.469818
LD0753,K,Kaafu,Maifalhuhuraa,މައިފަޅުހުރާ,Uninhabited Island,0.61879,4.630167,73.571159
LD0073,K,Kaafu,Maniyafushi,މަނިޔަފުށި,Uninhabited Island,1.352952,4.055655,73.411028
LD0785,K,Kaafu,Rasfari,ރަސްފަރި,Uninhabited Island,1.314033,4.394668,73.351533
LD0159,K,Kaafu,Than'burudhoo,ތަންބުރުދޫ,Uninhabited Island,3.729999,4.315682,73.584225
LD0166,K,Kaafu,Thilafushi,ތިލަފުށި,Uninhabited Island,118.869851,4.182489,73.440224
LD0007,K,Kaafu,Thulusdhoo irumathee huraagan'du,ތުލުސްދޫ އިރުމަތީ ހުރާގަނޑު,Uninhabited Island,1.022881,4.371686,73.654665
LD0259,K,Kaafu,Thun'bafushi,ތުންބަފުށި,Industrial Island,7.366329,4.589846,73.590053
LD0078,K,Kaafu,Vabboahuraa,ވައްބޯހުރާ,Uninhabited Island,1.119304,4.319551,73.596328
LD0149,K,Kaafu,Vammaafushi,ވަމާފުށި,Uninhabited Island,0.029667,3.948543,73.496055
LD0062,K,Kaafu,,,Uninhabited Island,0.086947,4.348621,73.609885
LD0127,K,Kaafu,,,Uninhabited Island,0.502089,4.320639,73.582625
LD0362,K,Kaafu,,,Uninhabited Island,0.063477,4.956237,73.443256
LD0468,K,Kaafu,,,Uninhabited Island,1.323745,4.343310,73.611319
LD0549,K,Kaafu,,,Uninhabited Island,0.545536,3.992773,73.507317
LD0584,K,Kaafu,,,Uninhabited Island,0.061755,4.322303,73.594043
LD0721,K,Kaafu,,,Uninhabited Island,2.970259,4.957946,73.451959
LD0853,K,Kaafu,,,Uninhabited Island,11.916428,4.582688,73.580060
LD0950,K,Kaafu,,,Uninhabited Island,0.673221,4.957028,73.440316
LD1203,K,Kaafu,,,Uninhabited Island,26.910398,4.180454,73.457555
LD1295,K,Kaafu,,,Uninhabited Island,1.546324,4.369400,73.409473
LD1296,K,Kaafu,,,Uninhabited Island,0.318577,4.456843,73.406768
LD1297,K,Kaafu,,,Uninhabited Island,0.565094,4.472593,73.449004
LD1298,K,Kaafu,,,Uninhabited Island,0.635407,4.730594,73.486404
LD1299,K,Kaafu,,,Uninhabited Island,0.63958,4.631458,73.439438
LD1301,K,Kaafu,,,Uninhabited Island,0.134003,4.682444,73.453898
LD1303,K,Kaafu,,,Uninhabited Island,8.60581,4.671477,73.532493
LD1304,K,Kaafu,,,Uninhabited Island,0.153427,4.467599,73.673746
LD1305,K,Kaafu,,,Uninhabited Island,0.032309,4.467500,73.685688
LD1306,K,Kaafu,,,Uninhabited Island,0.120853,4.384948,73.653636
LD1308,K,Kaafu,,,Uninhabited Island,0.490921,4.359156,73.627966
LD1310,K,Kaafu,,,Uninhabited Island,0.03701,4.346218,73.602161
LD1312,K,Kaafu,,,Uninhabited Island,0.099372,4.270540,73.358987
LD1315,K,Kaafu,,,Uninhabited Island,0.133976,4.352879,73.614521
LD1316,K,Kaafu,,,Uninhabited Island,0.214435,4.351479,73.614661
LD1317,K,Kaafu,,,Uninhabited Island,0.63615,4.330687,73.596574
LD1318,K,Kaafu,,,Uninhabited Island,0.394435,4.286580,73.551442
LD1321,K,Kaafu,,,Uninhabited Island,0.09334,3.955839,73.460541
LD1325,K,Kaafu,,,Uninhabited Island,0.200585,4.074379,73.412852
LD1326,K,Kaafu,,,Uninhabited Island,0.035498,4.079249,73.530533
LD1327,K,Kaafu,,,Uninhabited Island,1.53879,3.840529,73.376806
LD1328,K,Kaafu,,,Uninhabited Island,0.120912,3.827697,73.377767
LD1702,K,Kaafu,,,Uninhabited Island,31.094295,4.665946,73.544502
LD1708,K,Kaafu,,,Uninhabited Island,0.082293,4.577130,73.589827
LD1709,K,Kaafu,,,Uninhabited Island,4.062712,4.403477,73.687981
LD1710,K,Kaafu,,,Uninhabited Island,11.883561,4.387383,73.676740
LD1711,K,Kaafu,,,Uninhabited Island,0.842175,4.217431,73.394293
LD1712,K,Kaafu,,,Uninhabited Island,0.080422,4.546759,73.390746
LD1713,K,Kaafu,,,Uninhabited Island,9.788476,4.693639,73.514301
LD1715,K,Kaafu,,,Uninhabited Island,0.168559,4.657000,73.541413
LD1716,K,Kaafu,,,Uninhabited Island,0.044124,4.295353,73.480616
LD1717,K,Kaafu,,,Uninhabited Island,0.046891,4.299309,73.471420
LD1719,K,Kaafu,,,Uninhabited Island,0.001522,4.311710,73.364456
LD1720,K,Kaafu,,,Uninhabited Island,1.11791,4.265376,73.423416
LD1722,K,Kaafu,,,Uninhabited Island,11.985086,4.089648,73.389237
LD1723,K,Kaafu,,,Uninhabited Island,11.74754,4.061792,73.379771
LD1724,K,Kaafu,,,Uninhabited Island,5.256767,4.056222,73.388452
LD1725,K,Kaafu,,,Uninhabited Island,0.083305,3.894142,73.362772
LD1726,K,Kaafu,,,Uninhabited Island,0.012918,3.834718,73.377592
LD1727,K,Kaafu,,,Uninhabited Island,0.081842,3.816269,73.418697
LD1728,K,Kaafu,,,Uninhabited Island,34.518425,3.824076,73.437274
LD1729,K,Kaafu,,,Uninhabited Island,0.470456,3.830653,73.446568
LD1731,K,Kaafu,,,Uninhabited Island,0.046349,3.972254,73.463117
LD1733,K,Kaafu,,,Uninhabited Island,8.057155,4.117950,73.526494
LD1734,K,Kaafu,,,Uninhabited Island,39.447478,4.121611,73.503777
LD1735,K,Kaafu,,,Uninhabited Island,0.05061,3.920696,73.444122
LD1736,K,Kaafu,,,Uninhabited Island,4.716357,3.966539,73.446621
LD1737,K,Kaafu,,,Uninhabited Island,0.083052,3.988955,73.512769
LD1739,K,Kaafu,,,Uninhabited Island,0.51066,3.906048,73.472823
LD1740,K,Kaafu,,,Uninhabited Island,8.930172,3.847691,73.459985
LD1741,K,Kaafu,,,Uninhabited Island,0.102476,4.248593,73.545937
LD1742,K,Kaafu,,,Uninhabited Island,0.190856,4.248404,73.545281
LD1743,K,Kaafu,,,Uninhabited Island,0.162813,4.248233,73.544434
LD1744,K,Kaafu,,,Uninhabited Island,0.188743,4.248155,73.543716
LD1745,K,Kaafu,,,Uninhabited Island,0.194611,4.248095,73.543087
LD1746,K,Kaafu,,,Uninhabited Island,0.105086,4.248012,73.542569
LD1747,K,Kaafu,,,Uninhabited Island,8.216412,4.014466,73.383387
LD1748,K,Kaafu,,,Uninhabited Island,0.895578,4.015221,73.387484
LD1749,K,Kaafu,,,Uninhabited Island,1.417852,4.014405,73.390129
LD1750,K,Kaafu,,,Uninhabited Island,7.515454,4.014271,73.394314
LD1751,K,Kaafu,,,Uninhabited Island,0.18184,4.011108,73.392324
LD1752,K,Kaafu,,,Uninhabited Island,3.422856,4.008844,73.403475
LD1753,K,Kaafu,,,Uninhabited Island,0.158196,4.663277,73.549200
LD1754,K,Kaafu,,,Uninhabited Island,0.356432,4.594995,73.578776
LD1755,K,Kaafu,,,Uninhabited Island,0.279914,4.595652,73.578175
LD1757,K,Kaafu,,,Uninhabited Island,8.917704,4.085526,73.387838
LD1758,K,Kaafu,,,Uninhabited Island,12.995462,4.081352,73.386095
LD1759,K,Kaafu,,,Uninhabited Island,0.104247,4.061872,73.384456
LD1760,K,Kaafu,,,Uninhabited Island,0.193006,3.830062,73.439412
LD1763,K,Kaafu,,,Uninhabited Island,0.49584,4.376765,73.667601
LD1764,K,Kaafu,,,Uninhabited Island,0.729083,4.376197,73.660698
LD1765,K,Kaafu,,,Uninhabited Island,0.308656,4.376052,73.665833
LD1767,K,Kaafu,,,Uninhabited Island,7.16454,3.852068,73.460490
LD1781,K,Kaafu,,,Uninhabited Island,0.644317,3.894439,73.409881
LD1782,K,Kaafu,,,Uninhabited Island,0.044658,4.209344,73.497651
LD1783,K,Kaafu,,,Uninhabited Island,12.006972,4.311659,73.347385
LD1784,K,Kaafu,,,Uninhabited Island,11.355996,4.309584,73.358939
LD1154,AA,Alifu Alifu,Dhinnolhufinolhu,ދިންނޮޅުފިނޮޅު,Uninhabited Island,0.496554,4.138574,72.732614
LD1021,AA,Alifu Alifu,Fusfinolhu,ފުސްފިނޮޅު,Uninhabited Island,0.011952,4.018989,72.958406
LD0868,AA,Alifu Alifu,Fushi,ފުށި,Uninhabited Island,0.817702,4.215690,72.883434
LD0964,AA,Alifu Alifu,Gaagan'du,ގާގަނޑު,Uninhabited Island,0.071722,4.232715,72.864991
LD0574,AA,Alifu Alifu,Madivaru,މަޑިވަރު,Uninhabited Island,0.571713,4.265580,73.000238
LD0645,AA,Alifu Alifu,Madivarufinolhu,މަޑިވަރުފިނޮޅު,Uninhabited Island,0.858133,4.269629,73.001156
LD0727,AA,Alifu Alifu,Velifinolhu,ވެލިފިނޮޅު,Uninhabited Island,1.168185,4.293571,73.009676
LD0099,AA,Alifu Alifu,Vihamaafaru,ވިހާމާފަރު,Uninhabited Island,3.158646,4.122224,72.745925
LD1342,AA,Alifu Alifu,,,Uninhabited Island,0.536076,4.119703,72.941757
LD1343,AA,Alifu Alifu,,,Uninhabited Island,0.653644,3.952566,72.946983
LD1346,AA,Alifu Alifu,,,Uninhabited Island,0.0341,4.182513,72.766444
LD1455,AA,Alifu Alifu,,,Uninhabited Island,0.336669,4.281055,73.007991
LD1456,AA,Alifu Alifu,,,Uninhabited Island,0.106947,4.275071,73.003984
LD1577,AA,Alifu Alifu,,,Uninhabited Island,0.213536,4.116169,72.932634
LD1578,AA,Alifu Alifu,,,Uninhabited Island,0.061524,4.192979,72.813406
LD1579,AA,Alifu Alifu,,,Uninhabited Island,0.390946,3.998527,72.948387
LD1580,AA,Alifu Alifu,,,Uninhabited Island,0.095635,4.176690,72.760964
LD1581,AA,Alifu Alifu,,,Uninhabited Island,0.166739,3.924267,72.743217
LD1582,AA,Alifu Alifu,,,Uninhabited Island,0.82764,4.083680,72.909176
LD1583,AA,Alifu Alifu,,,Uninhabited Island,0.087415,3.969887,72.774802
LD0021,ADh,Alifu Dhaalu,Ariyadhoo,އަރިޔަދޫ,Industrial Island,27.723512,3.475168,72.855089
LD1505,ADh,Alifu Dhaalu,Athulivarufinolhu,އަތުލިވަރުފިނޮޅު,Uninhabited Island,0.095647,3.647827,72.955700
LD0126,ADh,Alifu Dhaalu,Bodukaashihuraa,ބޮޑުކާށިހުރާ,Uninhabited Island,2.2305,3.876181,72.954633
LD0583,ADh,Alifu Dhaalu,Bulhalhohi,ބުޅަލްހޮހި,Uninhabited Island,3.026797,3.738924,72.731854
LD0120,ADh,Alifu Dhaalu,Dhiggiri,ދިއްގިރި,Uninhabited Island,0.632499,3.858384,72.914782
LD0784,ADh,Alifu Dhaalu,En'boodhoo,އެނބޫދޫ,Uninhabited Island,1.997857,3.815180,72.752409
LD1131,ADh,Alifu Dhaalu,Fushidhigga,ފުށިދިއްގާ,Uninhabited Island,2.019956,3.757917,72.770578
LD1102,ADh,Alifu Dhaalu,Hiyafushi,ހިޔަފުށި,Uninhabited Island,1.056135,3.479413,72.870534
LD1093,ADh,Alifu Dhaalu,Hukurudhoo,ހުކުރުދޫ,Industrial Island,14.118336,3.570346,72.718695
LD0165,ADh,Alifu Dhaalu,Hurasdhoo,ހުރަސްދޫ,Uninhabited Island,2.846073,3.666942,72.774767
LD0782,ADh,Alifu Dhaalu,Kalhahan'dhihuraa,ކަޅަހަންދިހުރާ,Uninhabited Island,1.214197,3.798097,72.710743
LD0641,ADh,Alifu Dhaalu,Kudadhoo,ކުޑަދޫ,Uninhabited Island,0.224522,3.479201,72.871894
LD1337,ADh,Alifu Dhaalu,Ranfinolhu,ރަންފިނޮޅު,Uninhabited Island,3.116504,3.610921,72.727430
LD0364,ADh,Alifu Dhaalu,,,Uninhabited Island,0.310977,3.768128,72.971236
LD0579,ADh,Alifu Dhaalu,,,Uninhabited Island,0.033584,3.756495,72.964476
LD1336,ADh,Alifu Dhaalu,,,Uninhabited Island,0.037286,3.591447,72.866977
LD1338,ADh,Alifu Dhaalu,,,Uninhabited Island,1.437275,3.709229,72.789488
LD1339,ADh,Alifu Dhaalu,,,Uninhabited Island,0.012406,3.866255,72.743823
LD1340,ADh,Alifu Dhaalu,,,Uninhabited Island,0.611083,3.889770,72.889662
LD1341,ADh,Alifu Dhaalu,,,Uninhabited Island,0.039653,3.902452,72.897859
LD1348,ADh,Alifu Dhaalu,,,Uninhabited Island,0.035181,3.855971,72.940761
LD1350,ADh,Alifu Dhaalu,,,Uninhabited Island,0.077349,3.715113,72.980091
LD1351,ADh,Alifu Dhaalu,,,Uninhabited Island,0.133018,3.700074,72.979598
LD1584,ADh,Alifu Dhaalu,,,Uninhabited Island,0.218161,3.633654,72.963828
LD1585,ADh,Alifu Dhaalu,,,Uninhabited Island,2.742197,3.851598,72.741642
LD1586,ADh,Alifu Dhaalu,,,Uninhabited Island,0.197896,3.628770,72.959528
LD1587,ADh,Alifu Dhaalu,,,Uninhabited Island,0.184481,3.628816,72.958845
LD1588,ADh,Alifu Dhaalu,,,Uninhabited Island,0.737356,3.609863,72.917257
LD1589,ADh,Alifu Dhaalu,,,Uninhabited Island,0.072721,3.539002,72.831228
LD1590,ADh,Alifu Dhaalu,,,Uninhabited Island,0.044634,3.530266,72.883739
LD1591,ADh,Alifu Dhaalu,,,Uninhabited Island,0.060887,3.552564,72.892604
LD1592,ADh,Alifu Dhaalu,,,Uninhabited Island,0.354027,3.573954,72.867514
LD1593,ADh,Alifu Dhaalu,,,Uninhabited Island,0.019219,3.603074,72.815829
LD1594,ADh,Alifu Dhaalu,,,Uninhabited Island,0.21683,3.611877,72.940753
LD1595,ADh,Alifu Dhaalu,,,Uninhabited Island,0.128113,3.788820,72.725607
LD1596,ADh,Alifu Dhaalu,,,Uninhabited Island,0.013618,3.611684,72.958428
LD1597,ADh,Alifu Dhaalu,,,Uninhabited Island,0.008004,3.611560,72.957915
LD1598,ADh,Alifu Dhaalu,,,Uninhabited Island,0.169358,3.757203,72.973925
LD1599,ADh,Alifu Dhaalu,,,Uninhabited Island,0.565432,3.487868,72.802039
LD1600,ADh,Alifu Dhaalu,,,Uninhabited Island,0.218066,3.487076,72.793299
LD1601,ADh,Alifu Dhaalu,,,Uninhabited Island,0.04928,3.477544,72.871132
LD1602,ADh,Alifu Dhaalu,,,Uninhabited Island,0.196976,3.592327,72.881298
LD1603,ADh,Alifu Dhaalu,,,Uninhabited Island,0.114415,3.878718,72.731687
LD1604,ADh,Alifu Dhaalu,,,Uninhabited Island,0.067134,3.485661,72.792910
LD1605,ADh,Alifu Dhaalu,,,Uninhabited Island,0.055949,3.486559,72.794004
LD1606,ADh,Alifu Dhaalu,,,Uninhabited Island,0.052145,3.515272,72.916612
LD1607,ADh,Alifu Dhaalu,,,Uninhabited Island,0.054962,3.515289,72.916256
LD0117,V,Vaavu,Hulhidhoo,ހުޅިދޫ,Industrial Island,2.607093,3.493364,73.532788
LD0604,V,Vaavu,Kuda anbaraa,ކުޑަ އަންބަރާ,Uninhabited Island,0.406302,3.427032,73.424724
LD1360,V,Vaavu,Kudamohoraa,ކުޑަމޮހޮރާ,Uninhabited Island,0.352168,3.341979,73.510666
LD0682,V,Vaavu,Ruh hurihuraa,ރުއްހުރިހުރާ,Uninhabited Island,0.567421,3.361260,73.499943
LD0079,V,Vaavu,Thun'duhuraa,ތުންޑުހުރާ,Uninhabited Island,0.087086,3.342659,73.506201
LD1099,V,Vaavu,Vattaru,ވައްޓަރު,Uninhabited Island,1.999962,3.221941,73.426451
LD1157,V,Vaavu,,,Uninhabited Island,1.129195,3.358896,73.579784
LD1362,V,Vaavu,,,Uninhabited Island,0.27236,3.454244,73.324847
LD1363,V,Vaavu,,,Uninhabited Island,1.231497,3.481590,73.703456
LD1364,V,Vaavu,,,Uninhabited Island,0.214282,3.485453,73.527504
LD1365,V,Vaavu,,,Uninhabited Island,0.421193,3.560059,73.497483
LD1366,V,Vaavu,,,Uninhabited Island,0.618628,3.551519,73.499894
LD1367,V,Vaavu,,,Uninhabited Island,0.135712,3.545388,73.504397
LD1368,V,Vaavu,,,Uninhabited Island,0.078823,3.513983,73.521792
LD1369,V,Vaavu,,,Uninhabited Island,0.023169,3.384622,73.462570
LD1370,V,Vaavu,,,Uninhabited Island,0.050369,3.396462,73.446801
LD1371,V,Vaavu,,,Uninhabited Island,0.20625,3.387730,73.437471
LD1506,V,Vaavu,,,Uninhabited Island,0.027217,3.409689,73.387028
LD1608,V,Vaavu,,,Uninhabited Island,0.584963,3.415662,73.398094
LD1609,V,Vaavu,,,Uninhabited Island,0.011909,3.622776,73.470000
LD1610,V,Vaavu,,,Uninhabited Island,0.53155,3.361953,73.648306
LD1611,V,Vaavu,,,Uninhabited Island,0.681543,3.360010,73.641003
LD1612,V,Vaavu,,,Uninhabited Island,0.027272,3.500184,73.521434
LD1613,V,Vaavu,,,Uninhabited Island,0.123521,3.623489,73.501607
LD1614,V,Vaavu,,,Uninhabited Island,0.043758,3.625803,73.499799
LD1615,V,Vaavu,,,Uninhabited Island,0.124818,3.618914,73.369125
LD1616,V,Vaavu,,,Uninhabited Island,0.010009,3.613578,73.367113
LD1617,V,Vaavu,,,Uninhabited Island,0.022067,3.529094,73.304240
LD1618,V,Vaavu,,,Uninhabited Island,0.139513,3.527386,73.307620
LD1619,V,Vaavu,,,Uninhabited Island,0.209108,3.513054,73.286001
LD1620,V,Vaavu,,,Uninhabited Island,0.047649,3.433290,73.422343
LD1621,V,Vaavu,,,Uninhabited Island,0.047716,3.429671,73.405457
LD1622,V,Vaavu,,,Uninhabited Island,0.035598,3.378228,73.429813
LD1623,V,Vaavu,,,Uninhabited Island,0.014576,3.507618,73.284123
LD1624,V,Vaavu,,,Uninhabited Island,0.076496,3.635327,73.369741
LD1108,M,Meemu,Bodukan'duhuraa,ބޮޑުކަނޑުހުރާ,Uninhabited Island,0.377214,2.824889,73.369105
LD0684,M,Meemu,Dhihthun'di,ދިހްތުންޑި,Uninhabited Island,10.124715,2.766162,73.420912
LD0445,M,Meemu,Erruh-huraa,އެއްރުއްހުރާ,Uninhabited Island,1.010406,3.070030,73.642059
LD0830,M,Meemu,Etherefasgan'du,އެތެރެފަސްގަނޑު,Uninhabited Island,0.605182,2.778868,73.417854
LD1471,M,Meemu,Fenfuraaveli,ފެންފުރާވެލި,Industrial Island,19.471817,2.788072,73.426977
LD0274,M,Meemu,Gaakurali,ގާކުރަޅި,Industrial Island,13.490571,2.780406,73.372319
LD0033,M,Meemu,Gongalihuraa,ގޮނގަލިހުރާ,Uninhabited Island,0.438134,2.853970,73.550908
LD1009,M,Meemu,Hudhuveli,ހުދުވެލި,Uninhabited Island,0.113584,3.036379,73.619547
LD0064,M,Meemu,Kekuraalhuveli,ކެކުރާޅުވެލި,Uninhabited Island,3.540362,2.852712,73.535108
LD1199,M,Meemu,Kuradhigan'du,ކުރަދިގަނޑު,Uninhabited Island,0.824179,2.774146,73.372484
LD0289,M,Meemu,Maahuraa,މާހުރާ,Uninhabited Island,4.847474,2.793576,73.428351
LD0186,M,Meemu,Maalhaveli,މާޅަވެލި,Uninhabited Island,0.530223,2.904555,73.578957
LD1150,M,Meemu,Raaban'dhihuraa,ރާބަންދިހުރާ,Uninhabited Island,1.354704,3.091949,73.388897
LD1072,M,Meemu,Thuvaru,ތުވަރު,Industrial Island,14.104491,2.898399,73.379413
LD1466,M,Meemu,Thuvaru Uthuruhuraa,ތުވަރުއުތުރުހުރާ,Uninhabited Island,0.240733,2.946704,73.376771
LD1110,M,Meemu,Vannanerufasgan'du,ވަންނަނެރުފަސްގަނޑު,Uninhabited Island,0.440182,2.780886,73.410222
LD0176,M,Meemu,,,Uninhabited Island,0.057791,3.019006,73.379684
LD0294,M,Meemu,,,Uninhabited Island,0.075365,2.784922,73.369416
LD0498,M,Meemu,,,Uninhabited Island,0.220431,3.055993,73.378146
LD0587,M,Meemu,,,Uninhabited Island,0.045508,2.809733,73.367964
LD0625,M,Meemu,,,Uninhabited Island,0.029252,2.831511,73.369731
LD0892,M,Meemu,,,Uninhabited Island,0.147651,2.989718,73.378790
LD0920,M,Meemu,,,Uninhabited Island,0.215961,3.063199,73.378027
LD0934,M,Meemu,,,Uninhabited Island,0.153259,3.025348,73.379223
LD0967,M,Meemu,,,Uninhabited Island,0.134429,2.787106,73.369038
LD1059,M,Meemu,,,Uninhabited Island,0.119238,2.789877,73.369317
LD1067,M,Meemu,,,Uninhabited Island,0.611643,2.903799,73.570772
LD1116,M,Meemu,,,Uninhabited Island,0.04211,2.829036,73.369234
LD1372,M,Meemu,,,Uninhabited Island,0.057618,3.090415,73.626359
LD1379,M,Meemu,,,Uninhabited Island,0.266478,2.779992,73.370629
LD1460,M,Meemu,,,Uninhabited Island,0.017357,3.019333,73.380223
LD1625,M,Meemu,,,Uninhabited Island,0.431233,3.035561,73.620294
LD1626,M,Meemu,,,Uninhabited Island,0.063495,2.832049,73.460882
LD1627,M,Meemu,,,Uninhabited Island,0.062197,2.831642,73.459128
LD1628,M,Meemu,,,Uninhabited Island,0.547387,3.104359,73.581555
LD1629,M,Meemu,,,Uninhabited Island,0.156129,3.096307,73.622590
LD1630,M,Meemu,,,Uninhabited Island,0.348916,3.080824,73.623463
LD1631,M,Meemu,,,Uninhabited Island,0.564747,3.081478,73.627630
LD1632,M,Meemu,,,Uninhabited Island,0.129,3.090952,73.620216
LD1633,M,Meemu,,,Uninhabited Island,0.072696,3.083924,73.636830
LD1634,M,Meemu,,,Uninhabited Island,0.033381,3.084070,73.635382
LD1635,M,Meemu,,,Uninhabited Island,0.054659,3.083873,73.634877
LD1636,M,Meemu,,,Uninhabited Island,0.078328,3.079233,73.647641
LD1637,M,Meemu,,,Uninhabited Island,0.021695,3.033819,73.618554
LD1638,M,Meemu,,,Uninhabited Island,0.236986,2.779905,73.418774
LD0013,F,Faafu,Adhangau,އަދަންގައު,Uninhabited Island,1.425317,3.138692,73.008297
LD0233,F,Faafu,Dhiguvarufinolhu,ދިގުވަރުފިނޮޅު,Uninhabited Island,0.700645,3.246594,73.025186
LD1143,F,Faafu,Faanumaahuraa,ފާނުމާހުރާ,Uninhabited Island,0.28924,3.213140,72.982024
LD1104,F,Faafu,Kan'dumoonufushi,ކަނޑުމޫނުފުށި,Uninhabited Island,1.08561,3.315278,72.897373
LD1135,F,Faafu,Madivaruhuraa,މަޑިވަރުހުރާ,Uninhabited Island,0.126607,3.266804,73.010781
LD0349,F,Faafu,Magoodhoo bodufinolhu,މަގޫދޫ ބޮޑުފިނޮޅު,Uninhabited Island,0.237145,3.075278,72.956105
LD0752,F,Faafu,Makunueri,މަކުނުއެރި,Uninhabited Island,1.28063,3.258422,72.928769
LD0975,F,Faafu,Vilin'gilivarufinolhu,ވިލިނގިލިވަރުފިނޮޅު,Uninhabited Island,0.049682,3.274267,72.998879
LD0030,F,Faafu,,,Uninhabited Island,0.578235,3.061948,72.890271
LD1380,F,Faafu,,,Uninhabited Island,1.445184,3.151060,72.936721
LD1381,F,Faafu,,,Uninhabited Island,2.38963,3.286746,72.989457
LD1382,F,Faafu,,,Uninhabited Island,1.259547,3.165262,72.896356
LD1639,F,Faafu,,,Uninhabited Island,0.848071,3.190169,73.038844
LD1640,F,Faafu,,,Uninhabited Island,0.171324,3.191212,73.041246
LD1641,F,Faafu,,,Uninhabited Island,0.196943,3.170261,73.028146
LD1642,F,Faafu,,,Uninhabited Island,0.158149,3.140508,73.030401
LD1643,F,Faafu,,,Uninhabited Island,0.087275,3.090074,72.968935
LD1644,F,Faafu,,,Uninhabited Island,0.06442,3.093023,72.967549
LD1645,F,Faafu,,,Uninhabited Island,0.153476,3.097219,72.991852
LD1646,F,Faafu,,,Uninhabited Island,1.103373,3.148270,72.985203
LD1647,F,Faafu,,,Uninhabited Island,0.223937,3.221120,73.031634
LD1648,F,Faafu,,,Uninhabited Island,0.047257,3.220946,73.030091
LD0107,Dh,Dhaalu,Ayyakaloahuraa,އައްޔަކަލޯހުރާ,Uninhabited Island,1.864155,2.790645,73.025775
LD1106,Dh,Dhaalu,Bodufushi,ބޮޑުފުށި,Uninhabited Island,0.884948,2.702764,72.847463
LD0864,Dh,Dhaalu,Bulhalafushi,ބުޅަލަފުށި,Uninhabited Island,0.8935,2.806564,73.026061
LD0831,Dh,Dhaalu,Dhebaidhoo,ދެބައިދޫ,Uninhabited Island,6.804715,2.787403,73.025536
LD0084,Dh,Dhaalu,Fenfushi,ފެންފުށި,Uninhabited Island,3.515438,2.801193,73.025924
LD0521,Dh,Dhaalu,Gemendhoo,ގެމެންދޫ,Uninhabited Island,5.47541,2.797840,73.025442
LD0571,Dh,Dhaalu,Hinaidhoo,ހިނައިދޫ,Uninhabited Island,2.796903,2.803703,73.026176
LD0974,Dh,Dhaalu,Hudhufusheefinolhu,ހުދުފުށީފިނޮޅު,Uninhabited Island,0.62992,2.893572,72.905423
LD0352,Dh,Dhaalu,Hulhuvahi,ހުޅުވަހި,Uninhabited Island,3.919947,2.856449,73.024867
LD0171,Dh,Dhaalu,Issari,އިއްސަރި,Uninhabited Island,1.769114,2.706548,72.982549
LD0755,Dh,Dhaalu,Kanneiyfaru,ކަންނެއިފަރު,Uninhabited Island,1.360496,2.924141,73.027176
LD0312,Dh,Dhaalu,Kiraidhoo,ކިރައިދޫ,Uninhabited Island,8.192559,2.780434,73.025092
LD1133,Dh,Dhaalu,Kudathilabolhufushi,ކުޑަތިލަބޮޅުފުށި,Uninhabited Island,1.013738,2.756715,73.022985
LD0636,Dh,Dhaalu,Lhohi,ޅޮހި,Industrial Island,6.14947,2.957006,72.985411
LD0741,Dh,Dhaalu,Maadheli,މާދެލި,Uninhabited Island,23.193398,2.884167,72.837522
LD0957,Dh,Dhaalu,Maalefaru,މާލެފަރު,Uninhabited Island,0.97962,2.882059,73.025673
LD1077,Dh,Dhaalu,Minimasgali,މިނިމަސްގަލި,Uninhabited Island,4.641304,2.750282,72.887537
LD0688,Dh,Dhaalu,Olhufushi,އޮޅުފުށި,Uninhabited Island,1.437177,2.813685,73.026430
LD1395,Dh,Dhaalu,Sarakafushi,ސަރަކަފުށި,Uninhabited Island,0.887708,2.922909,72.961261
LD0673,Dh,Dhaalu,Than'balhaidhoo,ތަނބަޅައިދޫ,Uninhabited Island,5.225725,2.793915,73.025709
LD0503,Dh,Dhaalu,Thilabolhufushi,ތިލަބޮޅުފުށި,Uninhabited Island,4.526959,2.755715,73.022057
LD0697,Dh,Dhaalu,Thinhuraa,ތިންހުރާ,Uninhabited Island,6.052254,2.767114,73.023684
LD0530,Dh,Dhaalu,Udhoo,އުދޫ,Industrial Island,8.535616,2.970589,72.990735
LD0019,Dh,Dhaalu,Vaanee,ވާނީ,Uninhabited Island,11.011173,2.725470,73.002775
LD0758,Dh,Dhaalu,Valla,ވަﷲ,Uninhabited Island,1.991885,2.704528,72.882695
LD0723,Dh,Dhaalu,Vallalhohi,ވަﷲޅޮހި,Uninhabited Island,2.224986,2.730539,72.887990
LD0068,Dh,Dhaalu,,,Uninhabited Island,0.057787,2.728749,72.837661
LD0189,Dh,Dhaalu,,,Uninhabited Island,0.165314,2.725915,72.839418
LD0280,Dh,Dhaalu,,,Uninhabited Island,0.099936,2.721473,72.839859
LD0550,Dh,Dhaalu,,,Uninhabited Island,0.12391,2.716294,72.842142
LD0716,Dh,Dhaalu,,,Uninhabited Island,0.783423,2.713266,72.843306
LD0897,Dh,Dhaalu,,,Uninhabited Island,0.166263,2.718249,72.841388
LD0943,Dh,Dhaalu,,,Uninhabited Island,0.178548,2.700548,72.848082
LD1383,Dh,Dhaalu,,,Uninhabited Island,0.16995,2.694961,72.952227
LD1386,Dh,Dhaalu,,,Uninhabited Island,0.112641,2.909027,72.988968
LD1387,Dh,Dhaalu,,,Uninhabited Island,0.343052,2.986145,73.009353
LD1388,Dh,Dhaalu,,,Uninhabited Island,0.141727,2.993173,72.922017
LD1389,Dh,Dhaalu,,,Uninhabited Island,0.034037,2.949669,73.024722
LD1391,Dh,Dhaalu,,,Uninhabited Island,0.020939,2.774994,73.025129
LD1392,Dh,Dhaalu,,,Uninhabited Island,0.075662,2.773176,73.023619
LD1394,Dh,Dhaalu,,,Uninhabited Island,0.263734,2.762189,73.022586
LD1397,Dh,Dhaalu,,,Uninhabited Island,0.264163,2.880445,72.981708
LD1649,Dh,Dhaalu,,,Uninhabited Island,1.75269,2.993711,73.001913
LD1650,Dh,Dhaalu,,,Uninhabited Island,0.372724,2.999313,72.992714
LD1651,Dh,Dhaalu,,,Uninhabited Island,0.380423,2.999409,72.992238
LD1652,Dh,Dhaalu,,,Uninhabited Island,0.062702,2.926586,72.895146
LD1653,Dh,Dhaalu,,,Uninhabited Island,0.436731,2.766875,72.835130
LD1654,Dh,Dhaalu,,,Uninhabited Island,0.253598,2.868094,72.858995
LD1655,Dh,Dhaalu,,,Uninhabited Island,0.047554,2.773841,73.023281
LD0596,Th,Thaa,Bodufinolhu,ބޮޑުފިނޮޅު,Uninhabited Island,2.415766,2.315843,73.305330
LD1202,Th,Thaa,Bodurehaa,ބޮޑުރެހާ,Uninhabited Island,1.127544,2.267921,73.229105
LD0829,Th,Thaa,Dhiffushi,ދިއްފުށި,Uninhabited Island,3.983705,2.514782,73.232423
LD0539,Th,Thaa,Dhonanfushi,ދޮނަންފުށި,Uninhabited Island,1.719052,2.490121,73.314980
LD0161,Th,Thaa,Dhururehaa,ދުރުރެހާ,Industrial Island,10.497391,2.168973,73.012055
LD0108,Th,Thaa,Fenfushi,ފެންފުށި,Uninhabited Island,0.346075,2.291619,73.269742
LD0351,Th,Thaa,Fenmeerufushi,ފެންމީރުފުށި,Uninhabited Island,1.703457,2.270611,73.233296
LD0143,Th,Thaa,Fondhoo,ފޮންދޫ,Uninhabited Island,0.64393,2.314960,72.982760
LD0912,Th,Thaa,Fonidhaani,ފޮނިދާނީ,Uninhabited Island,1.891963,2.300986,73.284762
LD0293,Th,Thaa,Funaddu,ފުނައްޑޫ,Industrial Island,26.781552,2.198249,73.128882
LD0471,Th,Thaa,Fushi,ފުށި,Uninhabited Island,5.904114,2.193111,72.969004
LD0998,Th,Thaa,Gaalee,ގާލީ,Uninhabited Island,6.957192,2.546981,73.154506
LD0614,Th,Thaa,Gaathurehaa,ގާތުރެހާ,Uninhabited Island,5.890458,2.170331,73.015579
LD0190,Th,Thaa,Hathifushi,ހަތިފުށި,Uninhabited Island,1.196037,2.287313,73.262897
LD0040,Th,Thaa,Hikan'dhilhohi,ހިކަންދިލްހޮހި,Uninhabited Island,2.775247,2.520430,73.226514
LD0681,Th,Thaa,Hiriyanfushi,ހިރިޔަންފުށި,Uninhabited Island,2.512747,2.211499,73.149773
LD0386,Th,Thaa,Hon'delifushi,ހޮންޑެލިފުށި,Uninhabited Island,1.466279,2.495033,73.312654
LD0796,Th,Thaa,Hulhiyanfushi,ހުޅިޔަންފުށި,Uninhabited Island,2.686494,2.258760,73.218201
LD0041,Th,Thaa,Kafidhoo,ކަފިދޫ,Uninhabited Island,2.335346,2.326638,72.962100
LD0644,Th,Thaa,Kakolhas,ކަކޮޅަސް,Uninhabited Island,16.19661,2.315566,72.944224
LD0118,Th,Thaa,Kan'dufushi,ކަނޑުފުށި,Uninhabited Island,2.220639,2.531227,72.987519
LD0759,Th,Thaa,Kani,ކަނި,Uninhabited Island,0.524474,2.189834,72.973732
LD1011,Th,Thaa,Kolafushi,ކޮޅަފުށި,Uninhabited Island,1.569517,2.263832,73.223466
LD0905,Th,Thaa,Kolhufushi,ކޮޅުފުށި,Uninhabited Island,3.722058,2.364897,73.363395
LD0848,Th,Thaa,Kudadhoo,ކުޑަދޫ,Uninhabited Island,0.252227,2.308935,72.951668
LD0622,Th,Thaa,Kudakaaddoo,ކުޑަކާއުއްޑޫ,Uninhabited Island,0.132291,2.285388,73.259092
LD0449,Th,Thaa,Kudakin'bidhoo,ކުޑަކިންބިދޫ,Uninhabited Island,1.654083,2.164551,73.063050
LD1162,Th,Thaa,Kuran'dhuvaru,ކުރަންދޫވަރު,Uninhabited Island,2.530567,2.539293,73.176047
LD0138,Th,Thaa,Kuredhifushi,ކުރެދިފުށި,Uninhabited Island,9.099428,2.167980,73.034373
LD0184,Th,Thaa,Maagulhi,މާގުޅި,Uninhabited Island,3.499382,2.538366,73.179566
LD0849,Th,Thaa,Mathidhoo,މަތިދޫ,Uninhabited Island,6.2022,2.346662,73.342736
LD0850,Th,Thaa,Medhafushi,މެދަފުށި,Uninhabited Island,4.708547,2.343431,73.340869
LD1035,Th,Thaa,Olhudhiyafushi,އޮޅުދިޔަފުށި,Uninhabited Island,0.833091,2.272281,73.236064
LD0956,Th,Thaa,Rihamaafushi,ރިހާމާފުށި,Uninhabited Island,1.248225,2.289474,73.266402
LD1130,Th,Thaa,Ufuriyaa,އުފުރިޔާ,Uninhabited Island,7.374522,2.361605,73.361269
LD0898,Th,Thaa,Usfushi,އުސްފުށި,Uninhabited Island,1.912543,2.246487,73.204680
LD0460,Th,Thaa,Vanbadhi,ވަންބަދި,Uninhabited Island,5.103917,2.187320,72.975969
LD0005,Th,Thaa,,,Uninhabited Island,0.671358,2.169984,73.013771
LD1073,Th,Thaa,,,Uninhabited Island,0.19827,2.549042,73.157082
LD1419,Th,Thaa,,,Uninhabited Island,0.145102,2.281552,73.255472
LD1656,Th,Thaa,,,Uninhabited Island,0.162356,2.312646,73.297027
LD1657,Th,Thaa,,,Uninhabited Island,0.313282,2.296348,73.274656
LD1658,Th,Thaa,,,Uninhabited Island,0.378266,2.177248,73.068327
LD1659,Th,Thaa,,,Uninhabited Island,0.307441,2.164566,73.048217
LD1660,Th,Thaa,,,Uninhabited Island,0.445261,2.268406,72.939305
LD1661,Th,Thaa,,,Uninhabited Island,0.231564,2.288531,72.952162
LD1662,Th,Thaa,,,Uninhabited Island,0.045722,2.355943,73.349691
LD1663,Th,Thaa,,,Uninhabited Island,0.037139,2.354604,73.350333
LD1664,Th,Thaa,,,Uninhabited Island,0.084817,2.190932,73.090376
LD1665,Th,Thaa,,,Uninhabited Island,3.258614,2.512674,73.237067
LD0067,L,Laamu,Aarahaa,އާރަހާ,Uninhabited Island,0.213044,1.828558,73.274704
LD0167,L,Laamu,Athahendhu,އަތަހެންދޫ,Uninhabited Island,0.286647,1.828017,73.273872
LD0065,L,Laamu,Bodufenrahaa,ބޮޑުފެންރަހާ,Uninhabited Island,3.413851,1.827133,73.271261
LD0763,L,Laamu,Bodumaabulhali,ބޮޑުމާބުލްހަލި,Uninhabited Island,5.073464,1.849165,73.255389
LD0599,L,Laamu,Bodumahigulhi,ބޮޑުމަހިގުޅި,Uninhabited Island,1.111787,1.786969,73.326288
LD0472,L,Laamu,Bokaiyfushi,ބޮކައިފުށި,Uninhabited Island,8.864107,1.999015,73.534746
LD0060,L,Laamu,Burrahaa,ބުރަހާ,Uninhabited Island,2.58442,1.826838,73.278084
LD0145,L,Laamu,Dhonberahaa,ދޮންބެރަހާ,Uninhabited Island,1.877551,2.071447,73.536039
LD0825,L,Laamu,Enberahaa,އެންބެރަހާ,Uninhabited Island,0.37783,1.841833,73.257543
LD1470,L,Laamu,Fenboahuraa,ފެންބޯހުރާ,Uninhabited Island,0.340271,2.064217,73.538257
LD0366,L,Laamu,Fenboarahaa,ފެންބޯރަހާ,Uninhabited Island,2.661034,1.810515,73.285734
LD0720,L,Laamu,Fonagaadhoo,ފޮނަގާދޫ,Uninhabited Island,8.183331,2.115296,73.542477
LD1082,L,Laamu,Fushi,ފުށި,Uninhabited Island,3.835373,2.049636,73.532184
LD0261,L,Laamu,Gaadhoo,ގާދޫ,Industrial Island,72.209414,1.821114,73.451720
LD1172,L,Laamu,Hanhushi,ހަންހުށި,Uninhabited Island,2.812051,1.951539,73.261766
LD0555,L,Laamu,Hendha,ހެންދަ,Uninhabited Island,3.356467,1.821627,73.274360
LD0757,L,Laamu,Hikan'dhirahaa,ހިކަންދިރަހާ,Uninhabited Island,2.692263,2.058353,73.536556
LD0538,L,Laamu,Hulhimendhoo,ހުޅިމެންދޫ,Uninhabited Island,8.568873,1.823013,73.394277
LD0671,L,Laamu,Hulhiyandhoo,ހުޅިޔަންދޫ,Uninhabited Island,20.802917,2.080839,73.541713
LD1191,L,Laamu,Hulisdhoo,ހުލިސްދޫ,Uninhabited Island,1.390029,1.785209,73.387664
LD0239,L,Laamu,Huraa,ހުރާ,Uninhabited Island,0.720924,1.844552,73.515726
LD0309,L,Laamu,Kahdhoo,ކައްދޫ,Institutional Island,115.336941,1.861481,73.521272
LD0031,L,Laamu,Kalhaidhoo,ކަޅައިދޫ,Uninhabited Island,28.002191,1.988365,73.536617
LD0432,L,Laamu,Kalhurahaa,ކަޅުރަހާ,Uninhabited Island,2.265889,1.844411,73.256644
LD0735,L,Laamu,Kandaru,ކަންދަރު,Industrial Island,4.272959,2.060836,73.536462
LD0592,L,Laamu,Kanuhuraa,ކަނުހުރާ,Uninhabited Island,1.461142,2.046016,73.532364
LD1087,L,Laamu,Kokurahaa,ކޮކުރަހާ,Uninhabited Island,0.630781,1.854081,73.255524
LD0777,L,Laamu,Kuda mungnafushi,ކުޑަ މުންގަނަފުށި,Uninhabited Island,0.224555,1.993329,73.313983
LD1024,L,Laamu,Kudafenrehaa,ކުޑަފެންރެހާ,Uninhabited Island,2.060229,1.809796,73.289121
LD1025,L,Laamu,Kudafushi,ކުޑަފުށި,Industrial Island,12.274137,1.788632,73.331859
LD0053,L,Laamu,Kudamaabulhali,ކުޑަމާބުޅަލި,Uninhabited Island,0.460417,1.847219,73.252749
LD0902,L,Laamu,Kudamahigulhi,ކުޑަމަހިގުޅި,Uninhabited Island,0.252097,1.787254,73.328179
LD0414,L,Laamu,Kudarah,ކުޑަރަށް,Uninhabited Island,2.299716,2.065108,73.536459
LD1034,L,Laamu,Kudavoshi,ކުޑަވޮށި,Uninhabited Island,3.218864,1.824066,73.281898
LD0971,L,Laamu,Kuredhirehaa,ކުރެދިރެހާ,Uninhabited Island,4.574285,1.781027,73.353587
LD0951,L,Laamu,Maafushi,މާފުށި,Uninhabited Island,2.907887,1.791794,73.333172
LD0952,L,Laamu,Maakalhuveli,މާކަޅުވެލި,Uninhabited Island,4.829808,1.788664,73.340457
LD0832,L,Laamu,Maandhoo,މާންދޫ,Industrial Island,100.646585,1.874580,73.526563
LD1048,L,Laamu,Maaveshi,މާވެށި,Uninhabited Island,2.858033,1.832955,73.271617
LD0955,L,Laamu,Medhu vinagan'du,މެދުވިނަގަނޑު,Uninhabited Island,1.13887,1.816464,73.278176
LD1096,L,Laamu,Mendhoo,މެންދޫ,Industrial Island,65.461227,1.787063,73.381630
LD0094,L,Laamu,Olhutholhu,އޮޅުތޮޅު,Uninhabited Island,7.829763,1.788049,73.352057
LD0798,L,Laamu,Rahaa,ރަހާ,Uninhabited Island,14.394209,2.056366,73.534482
LD0634,L,Laamu,Thathunrahaa,ތަތުންރަހާ,Uninhabited Island,0.426201,1.830679,73.268522
LD0308,L,Laamu,Thun'buri,ތުންބުރި,Uninhabited Island,18.632685,2.074871,73.540270
LD0276,L,Laamu,Uthuru vinagan'du,އުތުރުވިނަގަނޑު,Uninhabited Island,1.493596,1.817533,73.278316
LD0566,L,Laamu,Uvadhevifushi,އުވަދެވިފުށި,Uninhabited Island,5.680337,1.979218,73.537144
LD0341,L,Laamu,Veligan'dufinolhu,ވެލިގަނޑުފިނޮޅު,Uninhabited Island,1.18829,1.828992,73.408688
LD0052,L,Laamu,Vinagan'du,ވިނަގަނޑު,Uninhabited Island,2.481463,1.817133,73.279538
LD0368,L,Laamu,,,Uninhabited Island,0.050463,1.791454,73.325651
LD1056,L,Laamu,,,Uninhabited Island,0.49023,2.043167,73.532280
LD1425,L,Laamu,,,Uninhabited Island,0.574187,1.828995,73.454951
LD1428,L,Laamu,,,Uninhabited Island,0.158523,2.095957,73.538630
LD1429,L,Laamu,,,Uninhabited Island,0.218026,2.101290,73.541737
LD1430,L,Laamu,,,Uninhabited Island,0.307049,2.104271,73.542815
LD1431,L,Laamu,,,Uninhabited Island,2.48495,2.106710,73.539919
LD1666,L,Laamu,,,Uninhabited Island,0.111419,1.828169,73.454740
LD1667,L,Laamu,,,Uninhabited Island,0.314631,1.822267,73.283445
LD1668,L,Laamu,,,Uninhabited Island,0.333724,1.805744,73.313526
LD1669,L,Laamu,,,Uninhabited Island,0.206531,2.055117,73.535326
LD1670,L,Laamu,,,Uninhabited Island,0.166132,1.824023,73.483357
LD1671,L,Laamu,,,Uninhabited Island,0.082789,1.823052,73.414615
LD1672,L,Laamu,,,Uninhabited Island,0.087353,1.794706,73.369670
LD1673,L,Laamu,,,Uninhabited Island,0.3068,2.101748,73.541132
LD1674,L,Laamu,,,Uninhabited Island,0.309681,2.104097,73.542055
LD0222,GA,Gaafu Alifu,Araigaththaa,އަރައިގައްތާ,Uninhabited Island,4.659626,0.452121,73.535026
LD0590,GA,Gaafu Alifu,Baaberehutta,ބާބެރެހުއްޓާ,Uninhabited Island,1.370954,0.840951,73.180982
LD0945,GA,Gaafu Alifu,Baavanadhoo,ބާވަނަދޫ,Uninhabited Island,6.4366,0.521311,73.539901
LD0071,GA,Gaafu Alifu,Beyrumauddoo,ބޭރުމައުއްޑޫ,Uninhabited Island,3.078778,0.795303,73.224825
LD0989,GA,Gaafu Alifu,Bihurehaa,ބިހުރެހާ,Uninhabited Island,47.072093,0.421951,73.570965
LD0869,GA,Gaafu Alifu,Boadduvaa,ބޯއްޑުވާ,Uninhabited Island,0.956967,0.706132,73.330899
LD0787,GA,Gaafu Alifu,Bodehuttaa,ބޮޑެހުއްޓާ,Uninhabited Island,0.334837,0.855091,73.402939
LD1156,GA,Gaafu Alifu,Bodubon'deyyaa,ބޮޑުބޮނޑެއްޔާ,Uninhabited Island,6.540944,0.410099,73.567394
LD1445,GA,Gaafu Alifu,Bodufinolhu,ބޮޑުފިނޮޅު,Uninhabited Island,0.127094,0.802911,73.422989
LD0543,GA,Gaafu Alifu,Boduhuttaa,ބޮޑުހުއްޓާ,Uninhabited Island,6.341791,0.412506,73.571463
LD0820,GA,Gaafu Alifu,Dhevvaamaagala,ދެއްވާމާގަލާ,Uninhabited Island,8.905316,0.571262,73.191868
LD0174,GA,Gaafu Alifu,Dhigudhoo,ދިގުދޫ,Uninhabited Island,12.256278,0.542460,73.534444
LD0514,GA,Gaafu Alifu,Dhiyadhoo,ދިޔަދޫ,Uninhabited Island,45.101917,0.477704,73.556232
LD0881,GA,Gaafu Alifu,Faruhulhedhoo,ފަރުހުޅުހެދޫ,Uninhabited Island,6.505367,0.872421,73.244584
LD1006,GA,Gaafu Alifu,Faruhulhudhoo,ފަރުހުޅުދޫ,Uninhabited Island,3.249829,0.874409,73.255374
LD0799,GA,Gaafu Alifu,Fenfuttaa,ފެންފުއްޓާ,Uninhabited Island,3.699137,0.713857,73.285500
LD1088,GA,Gaafu Alifu,Fenrehaa,ފެންރެހާ,Uninhabited Island,1.90732,0.415458,73.572455
LD0056,GA,Gaafu Alifu,Fulan'gi,ފުލަންގި,Uninhabited Island,3.347506,0.684055,73.202018
LD0613,GA,Gaafu Alifu,Funadhoo,ފުނަދޫ,Industrial Island,23.937022,0.562493,73.526228
LD0542,GA,Gaafu Alifu,Galamedhuvaa,ގަލަމެދުވާ,Uninhabited Island,4.152455,0.529477,73.537136
LD0828,GA,Gaafu Alifu,Hithaadhoo,ހިތާދޫ,Uninhabited Island,9.474494,0.849318,73.242509
LD0270,GA,Gaafu Alifu,Hithaadhoogalaa,ހިތާދޫގަލާ,Institutional Island,0.885797,0.826687,73.252282
LD1032,GA,Gaafu Alifu,Hulhimendhoo,ހުޅިމެންދޫ,Uninhabited Island,4.89266,0.703532,73.440016
LD0792,GA,Gaafu Alifu,Hurendhoo,ހުރެންދޫ,Uninhabited Island,1.54949,0.846576,73.207818
LD1017,GA,Gaafu Alifu,Idhimaa,އިދިމާ,Uninhabited Island,2.029186,0.408011,73.569726
LD0093,GA,Gaafu Alifu,Innarehaa,އިންނަރެހާ,Uninhabited Island,23.256673,0.379678,73.556511
LD0595,GA,Gaafu Alifu,Kalhehuttaa,ކަޅެހުއްޓާ,Uninhabited Island,1.422158,0.848424,73.178653
LD0467,GA,Gaafu Alifu,Kaludirehaa,ކަޅުދިރެހާ,Uninhabited Island,4.694855,0.434272,73.569357
LD0228,GA,Gaafu Alifu,Kan'duvilin'gili,ކަނޑުވިލިންގިލި,Uninhabited Island,3.702649,0.866270,73.190244
LD1045,GA,Gaafu Alifu,Kendheraa,ކެންދެރާ,Uninhabited Island,4.362284,0.726943,73.285118
LD0456,GA,Gaafu Alifu,Kisserahaa,ކިއްސެރަހާ,Uninhabited Island,0.280871,0.649194,73.135883
LD0805,GA,Gaafu Alifu,Kodagehuttaa,ކޮޑަގެހުއްޓާ,Uninhabited Island,1.624394,0.842915,73.180388
LD0101,GA,Gaafu Alifu,Kodahuttaa,ކޮޑަހުއްޓާ,Uninhabited Island,0.938036,0.678624,73.439419
LD0083,GA,Gaafu Alifu,Kodeyvilin'gili,ކޮޑޭވިލިނގިލި,Uninhabited Island,5.285048,0.513688,73.542025
LD0443,GA,Gaafu Alifu,Kooddoo,ކޫއްޑޫ,Industrial Island,83.300832,0.733579,73.433695
LD0631,GA,Gaafu Alifu,Kudalafari,ކުޑަލަފަރި,Uninhabited Island,2.84871,0.896516,73.349595
LD0806,GA,Gaafu Alifu,Lhossaa,ޅޮއްސާ,Uninhabited Island,11.561702,0.820044,73.201913
LD1057,GA,Gaafu Alifu,Maadhigavara,މާދިގަވަރަ,Uninhabited Island,2.814654,0.688551,73.266738
LD1680,GA,Gaafu Alifu,Maadhigavara,މާދިގަވަރަ,Uninhabited Island,0.173718,0.671789,73.283329
LD0054,GA,Gaafu Alifu,Maafehelaa,މާފެހެލާ,Uninhabited Island,44.264444,0.380242,73.553116
LD0237,GA,Gaafu Alifu,Maagihuttaa,މާގިހުއްޓާ,Uninhabited Island,3.419209,0.845594,73.179629
LD0301,GA,Gaafu Alifu,Maakanaarataa,މާކަނާރަޓާ,Uninhabited Island,1.761895,0.811961,73.207126
LD0242,GA,Gaafu Alifu,Mahthurehaa,މަހްތުރެހާ,Uninhabited Island,11.614295,0.368503,73.552458
LD0314,GA,Gaafu Alifu,Maththidhoo,މައްތިދޫ,Uninhabited Island,1.519066,0.669407,73.368125
LD0749,GA,Gaafu Alifu,Matu,މަޓު,Uninhabited Island,5.812449,0.885157,73.336282
LD0229,GA,Gaafu Alifu,Medharehaa,މެދަރެހާ,Uninhabited Island,5.723033,0.363418,73.545111
LD0376,GA,Gaafu Alifu,Medhehuttaa,މެދެހުއްޓާ,Uninhabited Island,2.454049,0.466997,73.561917
LD0188,GA,Gaafu Alifu,Medhuburiyaa,މެދުބުރިޔާ,Uninhabited Island,1.19291,0.372701,73.553326
LD0878,GA,Gaafu Alifu,Melaimaa,މެލައިމާ,Uninhabited Island,1.221183,0.857547,73.179629
LD0136,GA,Gaafu Alifu,Minimessaa,މިނިމެއްސާ,Uninhabited Island,3.64391,0.541289,73.124019
LD0383,GA,Gaafu Alifu,Raaverrehaa,ރާވެއްރެހާ,Industrial Island,5.0062,0.767718,73.429094
LD0396,GA,Gaafu Alifu,Viligalaa,ވިލިގަލާ,Uninhabited Island,3.251712,0.518757,73.216506
LD0347,GA,Gaafu Alifu,,,Uninhabited Island,0.192344,0.654770,73.440679
LD0475,GA,Gaafu Alifu,,,Uninhabited Island,0.156404,0.416288,73.571267
LD0657,GA,Gaafu Alifu,,,Uninhabited Island,0.268526,0.414547,73.571828
LD0884,GA,Gaafu Alifu,,,Uninhabited Island,0.587402,0.389707,73.560988
LD1440,GA,Gaafu Alifu,,,Uninhabited Island,0.241073,0.836600,73.313552
LD1443,GA,Gaafu Alifu,,,Uninhabited Island,0.09644,0.898091,73.297501
LD1444,GA,Gaafu Alifu,,,Uninhabited Island,0.017692,0.873857,73.291531
LD1447,GA,Gaafu Alifu,,,Uninhabited Island,0.390432,0.606906,73.479404
LD1448,GA,Gaafu Alifu,,,Uninhabited Island,0.048085,0.606163,73.480266
LD1450,GA,Gaafu Alifu,,,Uninhabited Island,0.051296,0.635242,73.138290
LD1451,GA,Gaafu Alifu,,,Uninhabited Island,0.15634,0.642226,73.154099
LD1465,GA,Gaafu Alifu,,,Uninhabited Island,0.113761,0.848342,73.200691
LD1675,GA,Gaafu Alifu,,,Uninhabited Island,0.03848,0.577001,73.094987
LD1676,GA,Gaafu Alifu,,,Uninhabited Island,0.444153,0.617597,73.195521
LD1677,GA,Gaafu Alifu,,,Uninhabited Island,0.027232,0.648931,73.176694
LD1678,GA,Gaafu Alifu,,,Uninhabited Island,0.120336,0.662052,73.189328
LD1679,GA,Gaafu Alifu,,,Uninhabited Island,0.02313,0.676479,73.212540
LD1681,GA,Gaafu Alifu,,,Uninhabited Island,0.620425,0.796439,73.238038
LD1682,GA,Gaafu Alifu,,,Uninhabited Island,0.23905,0.814716,73.203344
LD1683,GA,Gaafu Alifu,,,Uninhabited Island,0.189424,0.895319,73.318171
LD1684,GA,Gaafu Alifu,,,Uninhabited Island,0.240558,0.763768,73.432351
LD1685,GA,Gaafu Alifu,,,Uninhabited Island,0.171699,0.680556,73.439731
LD1686,GA,Gaafu Alifu,,,Uninhabited Island,0.079991,0.677236,73.439446
LD1687,GA,Gaafu Alifu,,,Uninhabited Island,0.054141,0.649424,73.136677
LD0896,GDh,Gaafu Dhaalu,Aakirahuttaa,އާކިރަހުއްޓާ,Uninhabited Island,9.216307,0.264049,73.092351
LD1090,GDh,Gaafu Dhaalu,Aakirahuttaa,އާކިރަހުއްޓާ,Uninhabited Island,5.746217,0.230733,73.127997
LD1031,GDh,Gaafu Dhaalu,Anhenerehaa,އަންހެނެރެހާ,Uninhabited Island,1.015288,0.402433,73.005053
LD0329,GDh,Gaafu Dhaalu,Athihuttaa,އަތިހުއްޓާ,Uninhabited Island,11.12492,0.279946,73.062751
LD0339,GDh,Gaafu Dhaalu,Badefodiyaa,ބަޑެފޮޑިޔާ,Uninhabited Island,2.657242,0.281339,73.060471
LD0930,GDh,Gaafu Dhaalu,Ban'defodiyaa,ބަނޑެފޮޑިޔާ,Uninhabited Island,14.473374,0.275646,73.064745
LD0431,GDh,Gaafu Dhaalu,Baulhagallaa,ބައުލްހަގައްލާ,Uninhabited Island,3.788828,0.494929,73.172486
LD0100,GDh,Gaafu Dhaalu,Beeraahuttaa,ބީރާހުއްޓާ,Uninhabited Island,1.07244,0.280384,73.060709
LD1195,GDh,Gaafu Dhaalu,Bodehuttaa,ބޮޑެހުއްޓާ,Uninhabited Island,1.60538,0.299250,73.040486
LD0302,GDh,Gaafu Dhaalu,Bodehuttaa,ބޮޑެހުއްޓާ,Uninhabited Island,9.01065,0.261149,73.344404
LD0810,GDh,Gaafu Dhaalu,Bodehuttaa,ބޮޑެހުއްޓާ,Uninhabited Island,1.007923,0.195264,73.199847
LD0561,GDh,Gaafu Dhaalu,Bodeinsa,ބޮޑެއިންސަ,Uninhabited Island,3.53726,0.238889,73.119760
LD0245,GDh,Gaafu Dhaalu,Boderehaa,ބޮޑެރެހާ,Uninhabited Island,7.279672,0.386485,73.012677
LD0450,GDh,Gaafu Dhaalu,Boduhuttaa,ބޮޑުހުއްޓާ,Uninhabited Island,0.237663,0.194360,73.218600
LD0042,GDh,Gaafu Dhaalu,Bodurehaa,ބޮޑުރެހާ,Uninhabited Island,5.171876,0.383765,73.015345
LD0038,GDh,Gaafu Dhaalu,Bolimathaidhua,ބޮލިމަތައިދުއާ,Uninhabited Island,2.834144,0.310092,73.025158
LD0740,GDh,Gaafu Dhaalu,Dhatekarunahuttaa,ދަޓެކަރުނަހުއްޓާ,Uninhabited Island,1.370598,0.396573,73.007909
LD1497,GDh,Gaafu Dhaalu,Dhatemulaidhua,ދަޓެމުލައިދުއާ,Uninhabited Island,0.887449,0.309880,73.026833
LD0773,GDh,Gaafu Dhaalu,Dhathaidhuaa,ދަތައިދުއާ,Uninhabited Island,3.666561,0.237334,73.122412
LD0393,GDh,Gaafu Dhaalu,Dherukerehaa,ދެރުކެރެހާ,Uninhabited Island,1.50793,0.249254,73.108208
LD0006,GDh,Gaafu Dhaalu,Dhigelaabadhuvaa,ދިގެލާބަދޫވާ,Uninhabited Island,35.852393,0.213464,73.158776
LD0172,GDh,Gaafu Dhaalu,Dhinmanaa,ދިންމަނާ,Uninhabited Island,0.84208,0.450104,72.997883
LD1074,GDh,Gaafu Dhaalu,Dhiyanegili,ދިޔަނެގިލި,Uninhabited Island,6.354613,0.301808,73.028667
LD0532,GDh,Gaafu Dhaalu,Dhiyanigillaa,ދިޔަނިގިއްލާ,Uninhabited Island,3.64411,0.256176,73.100981
LD0447,GDh,Gaafu Dhaalu,Dhoonirehaa,ދޫނިރެހާ,Uninhabited Island,17.588955,0.191470,73.201243
LD0690,GDh,Gaafu Dhaalu,Dhoonirehaa,ދޫނިރެހާ,Uninhabited Island,10.136739,0.268506,73.083997
LD0936,GDh,Gaafu Dhaalu,Ehivakaa,އެހިވަކާ,Uninhabited Island,7.190685,0.286845,73.054511
LD0651,GDh,Gaafu Dhaalu,Ekelondaa,އެކެލޮންޑާ,Uninhabited Island,5.158459,0.207725,73.175521
LD0704,GDh,Gaafu Dhaalu,Ekurukerataa,އެކުރުކެރަޓާ,Uninhabited Island,0.701977,0.239419,73.118523
LD0221,GDh,Gaafu Dhaalu,Faahuttaa,ފާހުއްޓާ,Uninhabited Island,4.224986,0.247067,73.109837
LD1434,GDh,Gaafu Dhaalu,Faanehuttaa,ފާނެހުއްޓާ,Uninhabited Island,1.076961,0.299892,73.404119
LD0342,GDh,Gaafu Dhaalu,Faredhoo,ފަރެދޫ,Uninhabited Island,1.296294,0.401413,73.004902
LD0010,GDh,Gaafu Dhaalu,Farehulhedhoo,ފަރެހުޅުހެދޫ,Uninhabited Island,14.481167,0.328373,73.497263
LD0941,GDh,Gaafu Dhaalu,Fatefandhoo,ފަޓެފަންދޫ,Uninhabited Island,9.9925,0.306322,73.027386
LD0522,GDh,Gaafu Dhaalu,Femunaidhoo,ފެމުނައިދޫ,Uninhabited Island,7.977176,0.244205,73.113767
LD1030,GDh,Gaafu Dhaalu,Fenevenehuttaa,ފެނެވެނެހުއްޓާ,Uninhabited Island,5.245121,0.266471,73.087533
LD0207,GDh,Gaafu Dhaalu,Filaarataa,ފިލާރަޓާ,Uninhabited Island,0.992786,0.300208,73.038890
LD0032,GDh,Gaafu Dhaalu,Gahevelagalaa,ގަހެވެލަގަލާ,Uninhabited Island,4.053144,0.357678,73.319723
LD0112,GDh,Gaafu Dhaalu,Gan,ގަން,Uninhabited Island,245.644808,0.276181,73.434272
LD0664,GDh,Gaafu Dhaalu,Golhaallaa,ގޮޅާއްލާ,Uninhabited Island,16.37758,0.320889,73.486497
LD0928,GDh,Gaafu Dhaalu,Gosi,ގޮސި,Uninhabited Island,4.236273,0.510846,73.147854
LD0778,GDh,Gaafu Dhaalu,Haadhoo,ހާދޫ,Uninhabited Island,6.815088,0.448992,72.998309
LD1161,GDh,Gaafu Dhaalu,Haadhuaa,ހާދުއާ,Uninhabited Island,7.417197,0.239158,73.122111
LD0039,GDh,Gaafu Dhaalu,Hakandoo,ހަކަންޑޫ,Uninhabited Island,8.059392,0.299597,73.032645
LD1152,GDh,Gaafu Dhaalu,Han'daidhoo,ހަނޑައިދޫ,Uninhabited Island,2.608402,0.193596,73.192055
LD0292,GDh,Gaafu Dhaalu,Han'dhebalanerehaa,ހަނދެބަލަނެރެހާ,Uninhabited Island,0.349681,0.392403,73.011653
LD0286,GDh,Gaafu Dhaalu,Haveyyerataa,ހަވެއްޔެރަޓާ,Uninhabited Island,1.349868,0.297914,73.036423
LD0365,GDh,Gaafu Dhaalu,Haveyyerataa,ހަވެއްޔެރަޓާ,Uninhabited Island,0.670133,0.284237,73.058618
LD0425,GDh,Gaafu Dhaalu,Havodigalaa,ހަވޮޑިގަލާ,Uninhabited Island,7.486751,0.523179,73.074387
LD1060,GDh,Gaafu Dhaalu,Hevaahulhudhoo,ހެވާހުޅުދޫ,Uninhabited Island,5.997078,0.301059,73.030669
LD0243,GDh,Gaafu Dhaalu,Hiyanigilihuttaa,ހިޔަނިގިލިހުއްޓާ,Uninhabited Island,4.846434,0.262275,73.094519
LD0313,GDh,Gaafu Dhaalu,Hoothodeyaa,ހޫތޮޑެޔާ,Uninhabited Island,0.963729,0.202760,73.181665
LD0023,GDh,Gaafu Dhaalu,Hulhuvaarulaa,ހުޅުވާރުލާ,Uninhabited Island,26.698648,0.326925,73.486829
LD0995,GDh,Gaafu Dhaalu,Hunigon'direhaa,ހުނިގޮނޑިރެހާ,Uninhabited Island,0.246286,0.434895,73.002376
LD1696,GDh,Gaafu Dhaalu,Huttaa,ހުއްޓާ,Uninhabited Island,0.345194,0.287397,73.056847
LD1124,GDh,Gaafu Dhaalu,Kaadedhdhoo,ކާޑެއްދޫ,Industrial Island,182.14734,0.487594,72.993971
LD1496,GDh,Gaafu Dhaalu,Kaafarataa,ކާފަރަޓާ,Uninhabited Island,0.441138,0.308212,73.025331
LD0290,GDh,Gaafu Dhaalu,Kaalhehuttaa,ކާޅެހުއްޓާ,Uninhabited Island,12.264912,0.227121,73.131171
LD0439,GDh,Gaafu Dhaalu,Kaalhehuttaa,ކާޅެހުއްޓާ,Uninhabited Island,0.716363,0.193480,73.213963
LD0846,GDh,Gaafu Dhaalu,Kaashihulhudhoo,ކާށިހުޅުދޫ,Uninhabited Island,13.708645,0.395349,73.008003
LD0216,GDh,Gaafu Dhaalu,Kadelerataa,ކަޑެލެރަޓާ,Uninhabited Island,3.10007,0.313348,73.024903
LD1027,GDh,Gaafu Dhaalu,Kadhefalaa,ކަދެފަލާ,Uninhabited Island,2.225078,0.342933,73.026397
LD0115,GDh,Gaafu Dhaalu,Kafena,ކަފެނާ,Uninhabited Island,11.234532,0.517141,72.993101
LD0173,GDh,Gaafu Dhaalu,Kalhahigillaa,ކަޅަހިގިއްލާ,Uninhabited Island,20.492234,0.296853,73.034105
LD0277,GDh,Gaafu Dhaalu,Kalhahuttaa,ކަޅަހުއްޓާ,Uninhabited Island,3.979416,0.325041,73.025878
LD0570,GDh,Gaafu Dhaalu,Kalhehamalaa,ކަޅެހަމަލާ,Uninhabited Island,1.635659,0.317667,73.482265
LD0761,GDh,Gaafu Dhaalu,Kalhehuttaa,ކަޅެހުއްޓާ,Uninhabited Island,7.612315,0.329067,73.025720
LD0685,GDh,Gaafu Dhaalu,Kalherehaa,ކަޅެރެހާ,Uninhabited Island,29.98115,0.254110,73.330363
LD0847,GDh,Gaafu Dhaalu,Kanandhuvaa,ކަނަންދޫވާ,Uninhabited Island,30.701144,0.272563,73.069437
LD0325,GDh,Gaafu Dhaalu,Kandahdhoo,ކަނޑައްދޫ,Uninhabited Island,1.097482,0.194621,73.190984
LD0598,GDh,Gaafu Dhaalu,Kannigillaa,ކަންނިގިއްލާ,Uninhabited Island,5.27051,0.452174,72.999453
LD1769,GDh,Gaafu Dhaalu,Kavvahuttaa,ކައްވަހުއްޓާ,Uninhabited Island,0.059179,0.266128,73.092144
LD0839,GDh,Gaafu Dhaalu,Keleihuttaa,ކެލެއިހުއްޓާ,Uninhabited Island,2.546844,0.204176,73.179651
LD0003,GDh,Gaafu Dhaalu,Keramihthaa,ކެރަމިހްތާ,Uninhabited Island,38.924603,0.391071,73.012560
LD1029,GDh,Gaafu Dhaalu,Keredhirehaa,ކެރެދިރެހާ,Uninhabited Island,1.022962,0.307952,73.025817
LD1498,GDh,Gaafu Dhaalu,Keyhuvadhoo,ކެއިހުވަދޫ,Uninhabited Island,0.133091,0.353526,73.025799
LD1164,GDh,Gaafu Dhaalu,Kodaanahutta,ކޮޑާނަހުއްޓަ,Uninhabited Island,18.450771,0.332640,73.497776
LD0692,GDh,Gaafu Dhaalu,Kodahutigalaa,ކޮޑަހުތިގަލާ,Uninhabited Island,1.918016,0.289379,73.200856
LD0791,GDh,Gaafu Dhaalu,Kodedhoo,ކޮޑެދޫ,Uninhabited Island,0.266999,0.412335,73.005263
LD0728,GDh,Gaafu Dhaalu,Kodegalaa,ކޮޑެގަލާ,Uninhabited Island,4.007996,0.368008,73.391581
LD0748,GDh,Gaafu Dhaalu,Kudhe-ehivakaa,ކުދެއެހިވަކާ,Uninhabited Island,6.281379,0.285686,73.057115
LD1174,GDh,Gaafu Dhaalu,Kudhebeeraahuttaa,ކުދެބީރާހުއްޓާ,Uninhabited Island,0.268522,0.282380,73.061623
LD0870,GDh,Gaafu Dhaalu,Kudhehaadhuaa,ކުދެހާދުއާ,Uninhabited Island,0.418501,0.240230,73.121425
LD0291,GDh,Gaafu Dhaalu,Kudhehulhehdhoo,ކުދެހުޅެހްދޫ,Uninhabited Island,1.037651,0.454276,72.997350
LD0754,GDh,Gaafu Dhaalu,Kudhelifadhoo,ކުދެލިފަދޫ,Uninhabited Island,3.710649,0.393084,73.008662
LD1768,GDh,Gaafu Dhaalu,Kudhemaadhoo,ކުދެމާދޫ,Uninhabited Island,0.381025,0.271518,73.081154
LD0407,GDh,Gaafu Dhaalu,Kudhemaaneidhoo,ކުދެމާނެއިދޫ,Uninhabited Island,14.164559,0.258343,73.099594
LD0885,GDh,Gaafu Dhaalu,Kudhemathaidhoo,ކުދެމަތައިދޫ,Uninhabited Island,2.769733,0.306679,73.029947
LD0788,GDh,Gaafu Dhaalu,Kudherataa,ކުދެރަޓާ,Industrial Island,1.557544,0.500600,72.989848
LD0519,GDh,Gaafu Dhaalu,Kureikeymaahuttaa,ކުރެއިކޭމާހުއްޓާ,Uninhabited Island,5.398028,0.289280,73.050291
LD0296,GDh,Gaafu Dhaalu,Laihaa,ލައިހާ,Uninhabited Island,1.683465,0.251622,73.341306
LD0381,GDh,Gaafu Dhaalu,Lonudhoo,ލޮނުދޫ,Uninhabited Island,5.969901,0.308791,73.413505
LD0775,GDh,Gaafu Dhaalu,Maaehivakaa,މާއެހިވަކާ,Uninhabited Island,8.124939,0.283340,73.060059
LD0762,GDh,Gaafu Dhaalu,Maagalaa,މާގަލާ,Uninhabited Island,2.030327,0.369766,73.379400
LD0367,GDh,Gaafu Dhaalu,Maagon'derehaa,މާގޮނޑެރެހާ,Uninhabited Island,7.274784,0.506359,72.990726
LD0615,GDh,Gaafu Dhaalu,Maahutigalaa,މާހުޓިގަލާ,Uninhabited Island,0.27519,0.294111,73.191807
LD1691,GDh,Gaafu Dhaalu,Maakirigalla,މާކިރިގައްލާ,Uninhabited Island,0.06014,0.524039,73.039748
LD0578,GDh,Gaafu Dhaalu,Maallaarehaa,މާއްލާރެހާ,Industrial Island,1.272601,0.492791,72.988038
LD0336,GDh,Gaafu Dhaalu,Maanaidhoo,މާނައިދޫ,Uninhabited Island,16.159927,0.242108,73.117928
LD0397,GDh,Gaafu Dhaalu,Maarehaa,މާރެހާ,Uninhabited Island,10.666358,0.191328,73.197345
LD0919,GDh,Gaafu Dhaalu,Maarehaa,މާރެހާ,Uninhabited Island,1.852086,0.290650,73.046122
LD0357,GDh,Gaafu Dhaalu,Maavaarulu,މާވާރުލު,Industrial Island,90.943344,0.335917,73.510482
LD1069,GDh,Gaafu Dhaalu,Maavadhhuva,މާވަޑުވާ,Industrial Island,7.754522,0.308948,73.472275
LD1012,GDh,Gaafu Dhaalu,Mathaidhuvaa,މަތައިދޫވާ,Uninhabited Island,3.855108,0.303947,73.026889
LD0638,GDh,Gaafu Dhaalu,Mathihutta,މަތިހުއްޓާ,Uninhabited Island,5.664432,0.255758,73.340850
LD0731,GDh,Gaafu Dhaalu,Mathikeranahuttaa,މަތިކެރަނަހުއްޓާ,Uninhabited Island,5.226718,0.400576,73.005921
LD0251,GDh,Gaafu Dhaalu,Meehinethiyenehuttaa,މީހިނެތިޔެނެހުއްޓާ,Uninhabited Island,6.869628,0.265610,73.089752
LD0867,GDh,Gaafu Dhaalu,Meehunthibenehuttaa,މީހުންތިބެނެހުއްޓާ,Uninhabited Island,4.506419,0.260911,73.096268
LD0770,GDh,Gaafu Dhaalu,Menthandhuvaa,މެންތަންދޫވާ,Uninhabited Island,11.382902,0.324794,73.491064
LD1008,GDh,Gaafu Dhaalu,Meragihuttaa,މެރަގިހުއްޓާ,Uninhabited Island,6.038213,0.269241,73.081206
LD0479,GDh,Gaafu Dhaalu,Meregihuttaa,މެރެގިހުއްޓާ,Uninhabited Island,17.716716,0.270209,73.075538
LD0278,GDh,Gaafu Dhaalu,Meyragillaa,މެއިރަގިއްލާ,Uninhabited Island,8.233058,0.245993,73.112013
LD0360,GDh,Gaafu Dhaalu,Mudhimaahutta,މުދިމާހުއްޓާ,Uninhabited Island,18.395474,0.254721,73.346596
LD0552,GDh,Gaafu Dhaalu,Olhimuttaa,އޮޅިމުއްޓާ,Uninhabited Island,1.798292,0.340633,73.026403
LD1094,GDh,Gaafu Dhaalu,Olhurataa,އޮޅުރަޓާ,Uninhabited Island,1.351377,0.316111,73.024948
LD0111,GDh,Gaafu Dhaalu,Raabodaafeheerataa,ރާބޮޑާފެހީރަޓާ,Uninhabited Island,1.200257,0.235874,73.123791
LD1432,GDh,Gaafu Dhaalu,Raaverinkolhihuttaa,ރާވެރިންކޮޅިހުއްޓާ,Uninhabited Island,0.774422,0.250495,73.233859
LD0904,GDh,Gaafu Dhaalu,Rahadhuvaa,ރަހަދޫވާ,Industrial Island,6.299647,0.496877,72.989998
LD0705,GDh,Gaafu Dhaalu,Rodhavarrehaa,ރޮދަވައްރެހާ,Uninhabited Island,1.21335,0.295037,73.463080
LD0883,GDh,Gaafu Dhaalu,Thelehuttaa,ތެލެހުއްޓާ,Uninhabited Island,2.320004,0.288002,73.052541
LD0652,GDh,Gaafu Dhaalu,Thinehuttaa,ތިނެހުއްޓާ,Uninhabited Island,3.358155,0.370213,73.024660
LD0382,GDh,Gaafu Dhaalu,Uhehuttaa,އުހެހުއްޓާ,Uninhabited Island,5.328448,0.209155,73.171039
LD0505,GDh,Gaafu Dhaalu,Uherehaa,އުހެރެހާ,Uninhabited Island,0.923625,0.413284,73.005244
LD0942,GDh,Gaafu Dhaalu,Uhurehaa,އުހުރެހާ,Uninhabited Island,0.357701,0.418468,73.005210
LD0835,GDh,Gaafu Dhaalu,Ulegalaa,އުލެގަލާ,Uninhabited Island,3.885007,0.398615,73.370068
LD0511,GDh,Gaafu Dhaalu,Vaireyaadhuvaa,ވައިރެޔާދޫވާ,Uninhabited Island,3.443213,0.288574,73.337269
LD0146,GDh,Gaafu Dhaalu,Veraaviligillaa,ވެރާވިލިގިއްލާ,Uninhabited Island,1.545516,0.312785,73.448811
LD0768,GDh,Gaafu Dhaalu,Vilin'gillaa,ވިލިނގިއްލާ,Uninhabited Island,11.227801,0.229572,73.129682
LD0063,GDh,Gaafu Dhaalu,,,Uninhabited Island,0.37401,0.198526,73.185894
LD0486,GDh,Gaafu Dhaalu,,,Uninhabited Island,1.320512,0.396702,73.005627
LD1046,GDh,Gaafu Dhaalu,,,Uninhabited Island,4.825249,0.194566,73.194616
LD1435,GDh,Gaafu Dhaalu,,,Uninhabited Island,0.109069,0.427878,73.044058
LD1436,GDh,Gaafu Dhaalu,,,Uninhabited Island,0.046559,0.448141,73.084074
LD1437,GDh,Gaafu Dhaalu,,,Uninhabited Island,0.094843,0.482510,73.097916
LD1439,GDh,Gaafu Dhaalu,,,Uninhabited Island,0.039352,0.502027,73.066139
LD1688,GDh,Gaafu Dhaalu,,,Uninhabited Island,0.210511,0.295159,73.329334
LD1689,GDh,Gaafu Dhaalu,,,Uninhabited Island,0.259153,0.264672,73.343126
LD1690,GDh,Gaafu Dhaalu,,,Uninhabited Island,0.049748,0.500190,73.095253
LD1692,GDh,Gaafu Dhaalu,,,Uninhabited Island,0.123696,0.304417,73.135031
LD1693,GDh,Gaafu Dhaalu,,,Uninhabited Island,0.095363,0.305479,73.156171
LD1694,GDh,Gaafu Dhaalu,,,Uninhabited Island,6.016707,0.309621,73.475822
LD1695,GDh,Gaafu Dhaalu,,,Uninhabited Island,0.028964,0.227870,73.133967
LD1770,GDh,Gaafu Dhaalu,,,Uninhabited Island,52.739463,0.192158,73.197459
LD0057,S,Seenu,Bedhey aurah,ބެދޭ އަވުރަށް,Uninhabited Island,0.638475,-0.589297,73.087361
LD0569,S,Seenu,Boduhajaraa,ބޮޑުހަޖަރާ,Uninhabited Island,1.353168,-0.677437,73.123499
LD1778,S,Seenu,Bolihera,ބޮލިހެރަ,Uninhabited Island,8.363419,-0.610746,73.110584
LD0378,S,Seenu,Dheeron'di,ދީރޮނޑި,Uninhabited Island,0.825441,-0.594853,73.087194
LD0640,S,Seenu,Dhigiheraa,ދިގިހެރާ,Uninhabited Island,3.003191,-0.686400,73.131254
LD1780,S,Seenu,Dhonhera,ދޮންހެރަ,Uninhabited Island,8.376239,-0.585778,73.196751
LD1140,S,Seenu,Fathikedeheragadu,ފަތިކެޑެހެރަގަޑު,Uninhabited Island,2.398911,-0.612397,73.148363
LD0888,S,Seenu,Gan,ގަން,Industrial Island,333.054463,-0.694335,73.152755
LD0707,S,Seenu,Hikahera,ހިކަހެރާ,Uninhabited Island,1.680495,-0.580133,73.221746
LD0506,S,Seenu,Kan'dihera gan'du,ކަނޑިހެރަ ގަނޑު,Uninhabited Island,0.258128,-0.615097,73.141990
LD0855,S,Seenu,Kaohera,ކައޮހެރާ,Uninhabited Island,5.841492,-0.588841,73.088186
LD0515,S,Seenu,Kudamaahera,ކުޑަމާހެރަ,Uninhabited Island,0.599357,-0.597966,73.089068
LD1469,S,Seenu,Kudhehera,ކުދެހެރަ,Uninhabited Island,0.077607,-0.580344,73.223360
LD0702,S,Seenu,Maahera,މާހެރަ,Uninhabited Island,3.877402,-0.594959,73.090081
LD0526,S,Seenu,,,Uninhabited Island,0.013884,-0.576541,73.209056
LD0895,S,Seenu,,,Uninhabited Island,1.799193,-0.601670,73.101416
LD1452,S,Seenu,,,Uninhabited Island,0.22087,-0.690626,73.182711
LD1453,S,Seenu,,,Uninhabited Island,0.845829,-0.581278,73.199205
LD1697,S,Seenu,,,Uninhabited Island,0.425639,-0.658956,73.111883
LD1698,S,Seenu,,,Uninhabited Island,0.071374,-0.576858,73.210041
LD1699,S,Seenu,,,Uninhabited Island,0.027107,-0.578889,73.220524
LD1700,S,Seenu,,,Uninhabited Island,0.043294,-0.578150,73.211347
LD1701,S,Seenu,,,Uninhabited Island,0.024266,-0.580011,73.215243
LD1779,S,Seenu,,,Uninhabited Island,8.362898,-0.605205,73.103761
