Atl,English_Name,Official_Name,Atoll_Short,Capital,Atl_Dhivehi,Capital_Dhivehi,Official_Name_Dhivehi,Notes
HA,North Thiladhunmathi,Thiladhunmathi Uthuruburi,Haa Alifu,Dhihdhoo,ހއ,ދިއްދޫ,ތިލަދުންމަތީ އުތުރުބުރި,Administrative Atoll
HDh,South Thiladhunmathi,Thiladhunmathi Dhekunuburi,Haa Dhaalu,Kulhudhuffushi,ހދ,ކުޅުދުއްފުށި,ތިލަދުންމަތީ ދެކުނުބުރި,Administrative Atoll
Sh,North Miladhunmadulu,Miladhunmadulu Uthuruburi,Shaviyani,Funadhoo,ށ,ފުނަދޫ,މިލަދުންމަޑުލު އުތުރުބުރި,Administrative Atoll
N,South Miladhunmadulu,Miladhunmadulu Dhekunuburi,Noonu,Manadhoo,ނ,މަނަދޫ,މިލަދުންމަޑުލު ދެކުނުބުރި,Administrative Atoll
R,North Maalhosmadulu,Maalhosmadulu Uthuruburi,Raa,Un'goofaaru,ރ,އުނގޫފާރު,މާޅޮސްމަޑުލު އުތުރުބުރި,Administrative Atoll
B,South Maalhosmadulu,Maalhosmadulu Dhekunuburi,Baa,Eydhafushi,ބ,އޭދަފުށި,މާޅޮސްމަޑުލު ދެކުނުބުރި,Administrative Atoll
Lh,Faadhippolhu,Faadhippolhu,Lhaviyani,Naifaru,ޅ,ނައިފަރު,ފާދިއްޕޮޅު,Administrative Atoll
K,Male' Atoll,Maale Atholhu,Kaafu,Thulusdhoo,ކ,ތުލުސްދޫ,މާލެ އަތޮޅު,Administrative Atoll (excluding capital city)
K,Male' (capital),Male',Kaafu,Male',ކ,މާލެ,މާލެ,National Capital
AA,North Ari Atoll,Ari Atholhu Uthuruburi,Alifu Alifu,Rasdhoo,އއ,ރަސްދޫ,އަރިއަތޮޅު އުތުރުބުރި,Administrative Atoll
ADh,South Ari Atoll,Ari Atholhu Dhekunuburi,Alifu Dhaalu,Mahibadhoo,އދ,މަހިބަދޫ,އަރިއަތޮޅު ދެކުނުބުރި,Administrative Atoll
V,Felidhu Atoll,Felidhu Atholhu,Vaavu,Felidhoo,ވ,ފެލިދޫ,ފެލިދޫ އަތޮޅު,Administrative Atoll
M,Mulakatholhu,Mulaku Atholhu,Meemu,Muli,މ,މުލި,މުލަކު އަތޮޅު,Administrative Atoll
F,North Nilandhe Atoll,Nilandhe Atholhu Uthuruburi,Faafu,Nilandhoo,ފ,ނިލަންދޫ,ނިލަންދެއަތޮޅު އުތުރުބުރި,Administrative Atoll
Dh,South Nilandhe Atoll,Nilandhe Atholhu Dhekunuburi,Dhaalu,Kudahuvadhoo,ދ,ކުޑަހުވަދޫ,ނިލަންދެއަތޮޅު ދެކުނުބުރި,Administrative Atoll
Th,Kolhumadulu,Kolhumadulu,Thaa,Veymandoo,ތ,ވޭމަންޑޫ,ކޮޅުމަޑުލު,Administrative Atoll
L,Hahdhunmathi,Hahdhunmathi,Laamu,Fonadhoo,ލ,ފޮނަދޫ,ހައްދުންމަތި,Administrative Atoll
GA,North Huvadhu Atoll,Huvadhu Atholhu Uthuruburi,Gaafu Alifu,Vilin'gili,ގއ,ވިލިނގިލި,ހުވަދުއަތޮޅު އުތުރުބުރި,Administrative Atoll
GDh,South Huvadhu Atoll,Huvadhu Atholhu Dhekunuburi,Gaafu Dhaalu,Thinadhoo,ގދ,ތިނަދޫ,ހުވަދުއަތޮޅު ދެކުނުބުރި,Administrative Atoll
Gn,Fuvahmulah,Fuvahmulah,Gnaviyani,Fuvahmulah,ޏ,ފުވައްމުލައް,ފުވައްމުލައް,Administrative Atoll (single island)
S,Addu Atoll,Addu Atholhu,Seenu,Hithadhoo,ސ,ހިތަދޫ,އައްޑޫ އަތޮޅު,Administrative Atoll
