Atoll,Council_Name,Council_Type,Island_Name
AA,AA. Bodufolhudhoo Council,Island Council,Bodufolhudhoo
AA,AA. Feridhoo Council,Island Council,Feridhoo
AA,AA. Himandhoo Council,Island Council,Himandhoo
AA,AA. Maalhos Council,Island Council,Maalhos
AA,AA. Mathiveri Council,Island Council,Mathiveri
AA,AA. Rasdhoo Council,Island Council,Rasdhoo
AA,AA. Thoddoo Council,Island Council,Thoddoo
AA,AA. Ukulhas Council,Island Council,Ukulhas
ADh,ADh. Dhangethi Council,Island Council,Dhangethi
ADh,ADh. Dhidhdhoo Council,Island Council,Dhidhdhoo
ADh,ADh. Dhigurah Council,Island Council,Dhigurah
ADh,ADh. Fenfushi Council,Island Council,Fenfushi
ADh,ADh. Hangnaameedhoo Council,Island Council,Hangnaameedhoo
ADh,ADh. Kunburudhoo Council,Island Council,Kunburudhoo
ADh,ADh. Maamigili Council,Island Council,Maamigili
ADh,ADh. Mahibadhoo Council,Island Council,Mahibadhoo
ADh,ADh. Mandhoo Council,Island Council,Mandhoo
ADh,ADh. Omadhoo Council,Island Council,Omadhoo
S,Addu City Council,City Council,Addu City
B,B. Dharavandhoo Council,Island Council,Dharavandhoo
B,B. Dhonfanu Council,Island Council,Dhonfanu
B,B. Eydhafushi Council,Island Council,Eydhafushi
B,B. Fehendhoo Council,Island Council,Fehendhoo
B,B. Fulhadhoo Council,Island Council,Fulhadhoo
B,B. Goidhoo Council,Island Council,Goidhoo
B,B. Hithaadhoo Council,Island Council,Hithaadhoo
B,B. Kamadhoo Council,Island Council,Kamadhoo
B,B. Kendhoo Council,Island Council,Kendhoo
B,B. Kihaadhoo Council,Island Council,Kihaadhoo
B,B. Kudarikilu Council,Island Council,Kudarikilu
B,B. Maalhos Council,Island Council,Maalhos
B,B. Thulhaadhoo Council,Island Council,Thulhaadhoo
Dh,Dh. Bandidhoo Council,Island Council,Bandidhoo
Dh,Dh. Hulhudheli Council,Island Council,Hulhudheli
Dh,Dh. Kudahuvadhoo Council,Island Council,Kudahuvadhoo
Dh,Dh. Maaenboodoo Council,Island Council,Maaenboodoo
Dh,Dh. Meedhoo Council,Island Council,Meedhoo
Dh,Dh. Rinbudhoo Council,Island Council,Rinbudhoo
F,F. Bileiydhoo Council,Island Council,Bileiydhoo
F,F. Dharanboodhoo Council,Island Council,Dharanboodhoo
F,F. Feeali Council,Island Council,Feeali
F,F. Magoodhoo Council,Island Council,Magoodhoo
F,F. Nilandhoo Council,Island Council,Nilandhoo
GN,Fuvammulah City Council,City Council,Fuvahmulah
GA,GA. Dhaandhoo Council,Island Council,Dhaandhoo
GA,GA. Dhevvadhoo Council,Island Council,Dhevvadhoo
GA,GA. Gemanafushi Council,Island Council,Gemanafushi
GA,GA. Kanduhulhuhdoo Council,Island Council,Kanduhulhuhdoo
GA,GA. Kolamaafushi Council,Island Council,Kolamaafushi
GA,GA. Kondey Council,Island Council,Kondey
GA,GA. Maamendhoo Council,Island Council,Maamendhoo
GA,GA. Nilandhoo Council,Island Council,Nilandhoo
GA,GA. Vilingili Council,Island Council,Vilingili
GDh,GDh. Faresmaathodaa Council,Island Council,Faresmaathodaa
GDh,GDh. Fiyoaree Council,Island Council,Fiyoaree
GDh,GDh. Gadhdhoo Council,Island Council,Gadhdhoo
GDh,GDh. Hoadedhdhoo Council,Island Council,Hoadedhdhoo
GDh,GDh. Madaveli Council,Island Council,Madaveli
GDh,GDh. Nadella Council,Island Council,Nadella
GDh,GDh. Rathafandhoo Council,Island Council,Rathafandhoo
GDh,GDh. Vaadhoo Council,Island Council,Vaadhoo
HA,HA. Baarah Council,Island Council,Baarah
HA,HA. Dhidhdhoo Council,Island Council,Dhidhdhoo
HA,HA. Filladhoo Council,Island Council,Filladhoo
HA,HA. Hoarafushi Council,Island Council,Hoarafushi
HA,HA. Ihavandhoo Council,Island Council,Ihavandhoo
HA,HA. Kelaa Council,Island Council,Kelaa
HA,HA. Maarandhoo Council,Island Council,Maarandhoo
HA,HA. Molhadhoo Council,Island Council,Molhadhoo
HA,HA. Muraidhoo Council,Island Council,Muraidhoo
HA,HA. Thakandhoo Council,Island Council,Thakandhoo
HA,HA. Thuraakunu Council,Island Council,Thuraakunu
HA,HA. Uligan Council,Island Council,Uligan
HA,HA. Utheemu Council,Island Council,Utheemu
HA,HA. Vashafaru Council,Island Council,Vashafaru
HDh,HDh. Finey Council,Island Council,Finey
HDh,HDh. Hanimaadhoo Council,Island Council,Hanimaadhoo
HDh,HDh. Kumundhoo Council,Island Council,Kumundhoo
HDh,HDh. Kurinbee Council,Island Council,Kurinbee
HDh,HDh. Makunudhoo Council,Island Council,Makunudhoo
HDh,HDh. Naivaadhoo Council,Island Council,Naivaadhoo
HDh,HDh. Nellaidhoo Council,Island Council,Nellaidhoo
HDh,HDh. Neykurendhoo Council,Island Council,Neykurendhoo
HDh,HDh. Nolhivaran Council,Island Council,Nolhivaran
HDh,HDh. Nolhivaranfaru Council,Island Council,Nolhivaranfaru
HDh,HDh. Vaikaradhoo Council,Island Council,Vaikaradhoo
K,K. Dhiffushi Council,Island Council,Dhiffushi
K,K. Gaafaru Council,Island Council,Gaafaru
K,K. Gulhi Council,Island Council,Gulhi
K,K. Guraidhoo Council,Island Council,Guraidhoo
K,K. Himmafushi Council,Island Council,Himmafushi
K,K. Huraa Council,Island Council,Huraa
K,K. Kaashidhoo Council,Island Council,Kaashidhoo
K,K. Maafushi Council,Island Council,Maafushi
K,K. Thulusdhoo Council,Island Council,Thulusdhoo
HDh,Kulhudhuffushi City Council,City Council,Kulhudhuffushi
L,L. Dhanbidhoo Council,Island Council,Dhanbidhoo
L,L. Fonadhoo Council,Island Council,Fonadhoo
L,L. Gan Council,Island Council,Gan
L,L. Hithadhoo Council,Island Council,Hithadhoo
L,L. Isdhoo Council,Island Council,Isdhoo
L,L. Kalaidhoo Council,Island Council,Kalaidhoo
L,L. Kunahandhoo Council,Island Council,Kunahandhoo
L,L. Maabaidhoo Council,Island Council,Maabaidhoo
L,L. Maamendhoo Council,Island Council,Maamendhoo
L,L. Maavah Council,Island Council,Maavah
L,L. Mundoo Council,Island Council,Mundoo
Lh,Lh. Hinnavaru Council,Island Council,Hinnavaru
Lh,Lh. Kurendhoo Council,Island Council,Kurendhoo
Lh,Lh. Naifaru Council,Island Council,Naifaru
Lh,Lh. Olhuvelifushi Council,Island Council,Olhuvelifushi
M,M. Dhiggaru Council,Island Council,Dhiggaru
M,M. Kolhufushi Council,Island Council,Kolhufushi
M,M. Maduvvari Council,Island Council,Maduvvari
M,M. Mulah Council,Island Council,Mulah
M,M. Muli Council,Island Council,Muli
M,M. Naalaafushi Council,Island Council,Naalaafushi
M,M. Raiymandhoo Council,Island Council,Raiymandhoo
M,M. Veyvah Council,Island Council,Veyvah
K,Male' City Council,City Council,Male'
N,N. Fodhdhoo Council,Island Council,Fodhdhoo
N,N. Henbadhoo Council,Island Council,Henbadhoo
N,N. Holhudhoo Council,Island Council,Holhudhoo
N,N. Kendhikulhudhoo Council,Island Council,Kendhikulhudhoo
N,N. Kudafari Council,Island Council,Kudafari
N,N. Landhoo Council,Island Council,Landhoo
N,N. Lhohi Council,Island Council,Lhohi
N,N. Maafaru Council,Island Council,Maafaru
N,N. Maalhendhoo Council,Island Council,Maalhendhoo
N,N. Magoodhoo Council,Island Council,Magoodhoo
N,N. Manadhoo Council,Island Council,Manadhoo
N,N. Miladhoo Council,Island Council,Miladhoo
N,N. Velidhoo Council,Island Council,Velidhoo
R,R. Alifushi Council,Island Council,Alifushi
R,R. Angolhitheemu Council,Island Council,Angolhitheemu
R,R. Dhuvaafaru Council,Island Council,Dhuvaafaru
R,R. Fainu Council,Island Council,Fainu
R,R. Hulhudhuffaaru Council,Island Council,Hulhudhuffaaru
R,R. Inguraidhoo Council,Island Council,Inguraidhoo
R,R. Innamaadhoo Council,Island Council,Innamaadhoo
R,R. Kinolhas Council,Island Council,Kinolhas
R,R. Maakurathu Council,Island Council,Maakurathu
R,R. Maduvvari Council,Island Council,Maduvvari
R,R. Meedhoo Council,Island Council,Meedhoo
R,R. Rasgetheemu Council,Island Council,Rasgetheemu
R,R. Rasmaadhoo Council,Island Council,Rasmaadhoo
R,R. Ungoofaaru Council,Island Council,Ungoofaaru
R,R. Vaadhoo Council,Island Council,Vaadhoo
S,S. Addu Hulhudhoo Council,Island Council,Hulhudhoo
S,S. Addu Meedhoo Council,Island Council,Meedhoo
Sh,Sh. Bileiyfahi Council,Island Council,Bileiyfahi
Sh,Sh. Feevah Council,Island Council,Feevah
Sh,Sh. Feydhoo Council,Island Council,Feydhoo
Sh,Sh. Foakaidhoo Council,Island Council,Foakaidhoo
Sh,Sh. Funadhoo Council,Island Council,Funadhoo
Sh,Sh. Goidhoo Council,Island Council,Goidhoo
Sh,Sh. Kanditheemu Council,Island Council,Kanditheemu
Sh,Sh. Komandoo Council,Island Council,Komandoo
Sh,Sh. Lhaimagu Council,Island Council,Lhaimagu
Sh,Sh. Maaungoodhoo Council,Island Council,Maaungoodhoo
Sh,Sh. Maroshi Council,Island Council,Maroshi
Sh,Sh. Milandhoo Council,Island Council,Milandhoo
Sh,Sh. Narudhoo Council,Island Council,Narudhoo
Sh,Sh. Noomaraa Council,Island Council,Noomaraa
Th,Th. Buruni Council,Island Council,Buruni
Th,Th. Dhiyamigili Council,Island Council,Dhiyamigili
Th,Th. Gaadhiffushi Council,Island Council,Gaadhiffushi
Th,Th. Guraidhoo Council,Island Council,Guraidhoo
Th,Th. Hirilandhoo Council,Island Council,Hirilandhoo
Th,Th. Kandoodhoo Council,Island Council,Kandoodhoo
Th,Th. Kinbidhoo Council,Island Council,Kinbidhoo
Th,Th. Madifushi Council,Island Council,Madifushi
Th,Th. Omadhoo Council,Island Council,Omadhoo
Th,Th. Thimarafushi Council,Island Council,Thimarafushi
Th,Th. Vandhoo Council,Island Council,Vandhoo
Th,Th. Veymandoo Council,Island Council,Veymandoo
Th,Th. Vilufushi Council,Island Council,Vilufushi
GDh,Thinadhoo City Council,City Council,Thinadhoo
V,V. Felidhoo Council,Island Council,Felidhoo
V,V. Fulidhoo Council,Island Council,Fulidhoo
V,V. Keyodhoo Council,Island Council,Keyodhoo
V,V. Rakeedhoo Council,Island Council,Rakeedhoo
V,V. Thinadhoo Council,Island Council,Thinadhoo
