Name,Atoll,Island,State
Aanugandu Island Resort,Kaafu,Aanugan'du Finolhu and Aanugan'du Huraa,Operating
Adaaran Club Rannalhi,Kaafu,Rannalhi,Operating
Adaaran Prestige Vadoo,Kaafu,Vaadhoo,Operating
Adaaran Select Hudhuranfushi,Kaafu,Lhohifushi,Operating
Adaaran Select Meedhupparu,Raa,Meedhupparu,Operating
Alila Kothaifaru Maldives,Raa,Kothaifaru and Kuroshigiri,Operating
Alimatha Aquatic Resort,Vaavu,Alimatha,Operating
Ananea Madivaru Maldives,Alifu Alifu,Etheremadivaru,Operating
Anantara Kihavah Villas,Baa,Kihavah Huravalhi,Operating
Anantara Resort and Spa Maldives,Kaafu,Dhigufinolhu,Operating
Anantara Veli and Naladhu,Kaafu,Veligan'du Huraa,Operating
Angaga Island Resort and Spa,Alifu Dhaalu,Angaga,Operating
Angsana Resort & Spa Maldives - Velavaru,Dhaalu,Velavaru,Operating
Atmosphere Kanifushi Maldives,Lhaviyani,Kanifushi,Operating
Avani + Fares Maldives,Baa,Fares,Operating
Ayada Maldives,Gaafu Dhaalu,Magudhdhuvaa,Operating
Baglioni Resort Maldives,Dhaalu,Maagau,Not Operating
Bandos Maldives,Kaafu,Bandos,Operating
Banyan Tree Maldives Vabbinfaru,Kaafu,Vabbinfaru,Operating
Baros Maldives,Kaafu,Baros,Operating
Bolifushi Island Resort,Kaafu,Bolifushi,Operating
Brennia Kottefaru,Raa,Kottefaru,Operating
Canareef Resort Maldives,Seenu,Herethere,Operating
Centara Mirage Lagoon Maldives & Centara Grand Lagoon Maldives,Kaafu,4°19’0.85”N73°20’43.59”E,Operating
Centara Ras Fushi Resort & Spa,Kaafu,Giraavaru,Operating
Cheval Blanc Randheli,Noonu,Randheli,Operating
Cinnamon Dhonveli Maldives,Kaafu,Kanuoiy Huraa,Operating
Cinnamon Hakuraa Huraa Maldives,Meemu,Hakuraahuraa,Operating
Cinnamon Velifushi Maldives,Vaavu,Aarah,Operating
Club Med Finolhu Villas,Kaafu,Gasfinolhu,Operating
Club Med Kanifinolhu,Kaafu,Kanifinolhu,Operating
Coco Bodu Hithi,Kaafu,Boduhithi,Operating
Coco Palm Dhunikolhu,Baa,Dhunikolhu,Operating
Cocoa Island,Kaafu,Makunufushi,Operating
Cocogiri Island Resort,Vaavu,Vashugiri,Operating
Cocoon Maldives,Lhaviyani,Ookolhu Finolhu,Operating
Como Maalifushi,Thaa,Male'fushi,Operating
Conrad Maldives Rangali Island,Alifu Dhaalu,Rangalifinolhu,Operating
Constance Halaveli Resort,Alifu Alifu,Halaveli,Operating
Constance Moofushi Resort,Alifu Dhaalu,Moofushi,Operating
Cora Cora Maldives,Raa,Maamigili,Operating
Dhawa Ihuru,Kaafu,Ihuru,Operating
Dheruhfinolhu by Jawakara Islands Maldives,Lhaviyani,Dheruhfinolhu,Operating
Dhiggiri Tourist Resort,Vaavu,Dhiggiri,Operating
Dhigufaru Island Resort,Baa,Dhigufaruvinagandu,Operating
Diamonds Athuruga Beach & Water Villas,Alifu Dhaalu,Athurugau,Operating
Diamonds Thudufushi Beach and Water Villas,Alifu Dhaalu,Thundufushi,Operating
Dreamland - The Unique Sea & Lake Resort/Spa,Baa,Hirundhoo,Operating
Drift Theluveliga Retreat,Alifu Dhaalu,Theluveliga,Operating
Dusit Thani Maldives,Baa,Mudhdhoo,Operating
dusitD2,Kaafu,Feydhoo Finolhu,Operating
Ellaidhoo Maldives By Cinnamon,Alifu Alifu,Ellaidhoo,Operating
Embudhu Village,Kaafu,Embudhu,Operating
Emerald Faarufushi Resort & Spa,Raa,Faarufushi,Operating
Emerald Maldives Resort & Spa Fasmendho,Raa,Fasmendhoo,Operating
Eri Maldives,Kaafu,Eriyadhu,Operating
Fihaalhohi Maldives,Kaafu,Fihaalhohi,Operating
Filitheyo Island Resort,Faafu,Filitheyo,Operating
Finolhu Baa Atoll Maldives,Baa,Kanufushi,Operating
Four Seasons Private Island Maldives at Voavah,Baa,Voavah,Operating
Four Seasons Resort Maldives at Kuda Huraa,Kaafu,Kuda Huraa,Operating
Four Seasons Resort Maldives at Landaa Giraavaru,Baa,Landaa Giraavaru,Operating
Furaveri Maldives,Raa,Furaveri,Operating
Fushifaru Maldives,Lhaviyani,Fushifaru,Operating
Gangehi Island Resort,Alifu Alifu,Gangehi,Operating
Gili Lankanfushi,Kaafu,Lankanfushi,Operating
Grand Park Kodhipparu Maldives,Kaafu,Kodhipparu,Operating
Hard Rock Hotel Maldives,Kaafu,Akasdhoo,Operating
Heritance Aarah,Raa,Aarah,Operating
Hilton Maldives Amingiri Resort & Spa,Kaafu,Kohdhipparu Lagoon,Operating
Holiday Inn Resort Kandooma Maldives,Kaafu,Kandoomafushi,Operating
Hondaafushi Island Resort,Haa Dhaalu,Hondaafushi,Operating
Hurawalhi Island Resort,Lhaviyani,Huravalhi,Operating
Huvafenfushi Maldives,Kaafu,Nakatchafushi,Operating
Inter Continental Maldives Maamunagau,Raa,Maamunagau,Operating
JA Manafaru,Haa Alifu,Manafaru,Operating
Joali Being Bodufushi,Raa,Bodufushi,Operating
Joali Muravandhoo,Raa,Muravandhoo,Operating
Joy Island,Kaafu,Island 1 Plot of Lagoon,Operating
Jumeirah Maldives Olhahali Island,Kaafu,Olhahali,Operating
JW Marriott Kaafu Atoll Island Resort,Kaafu,Hathaafinolhu,Operating
JW Marriott Maldives Resort & Spa,Shaviyani,Vagaru,Operating
Kagi Maldives Resort and Spa,Kaafu,Kagi,Operating
Kandima Maldives,Dhaalu,Kadinma,Operating
Kandolhu Maldives,Alifu Alifu,Kandholhudhoo,Operating
Komandoo Island Resort,Lhaviyani,Komandoo,Operating
Kuda Villingili Resort Maldives,Kaafu,Kudavillingili,Operating
Kudadoo Maldives Private island,Lhaviyani,Kudadhoo,Operating
Kudafushi Resort & Spa,Raa,Kudafushi,Operating
Kuredhivaru Resort and Spa,Noonu,Kuredhivaru,Operating
Kuredu Island Resort,Lhaviyani,Kuredu,Operating
Kurumba Maldives,Kaafu,Vihamanaafushi,Operating
Le Méridien Maldives Resort and Spa,Lhaviyani,Thilamaafushi and Bodufinolhu,Operating
Lily Beach Resort,Alifu Dhaalu,Huvahendhoo,Operating
"Lux* South Ari Atoll, Maldives",Alifu Dhaalu,Dhidhdhoofinolhu,Operating
Maayafushi Tourist Resort,Alifu Alifu,Maayafushi,Operating
Mabinhura by Jawakara Islands Maldives,Lhaviyani,Maabinhuraa,Operating
"Machchafushi Island Resort & Spa Maldives, The Centara Collection",Alifu Dhaalu,Machchafushi,Operating
Madifushi Private Island,Meemu,Madifushi,Operating
Makunudu Island,Kaafu,Makunudhoo,Operating
Malahini Kuda Bandos,Kaafu,Kuda Bandos,Operating
Medhufushi Island Resort,Meemu,Medhufushi,Operating
Meeru Maldives Resort Island,Kaafu,Meerufenfushi,Operating
Melia Whale Lagoon Maldives,Alifu Dhaalu,Bodufinolhu,Operating
Meyyafushi Maldives,Lhaviyani,Meyyafushi,Operating
Milaidhoo Island Maldives,Baa,Milaidhoo,Operating
Nala Maldives by Jawakara,Lhaviyani,Innahuraa,Operating
NH Collection Maldives Havodda Resort,Gaafu Dhaalu,Havodda,Operating
NH Collection Maldives Reethi Resort,Baa,Fonimagoodhoo,Operating
nH Maldives Kuda Rah Resort,Alifu Dhaalu,Kudarah,Operating
Nika Island Resort and Spa,Alifu Alifu,Kudafolhudhoo,Operating
Niva Dhigali Maldives,Raa,Dhigali,Operating
Niva Kuramathi Maldives,Alifu Alifu,Kuramathi,Operating
Niva Velassaru Maldives,Kaafu,Velassaru,Operating
Niyama Maldives,Dhaalu,Embudhufushi and Olhuveli,Operating
Noku Maldives Vignette Collection,Noonu,Kudafunafaru,Operating
Nooe Maldives Kunavashi,Vaavu,Kunaavashi,Operating
Nova Maldives,Alifu Dhaalu,Vakarufalhi,Operating
Oaga Art Resort,Kaafu,Maaranfushi,Not Operating
Oblu By Atmosphere at Helengeli,Kaafu,Helengeli,Operating
Oblu Select by Atmosphere at Sangeli,Kaafu,Akirifushi,Operating
"One & Only Reethi Rah, Maldives",Kaafu,Medhufinolhu,Operating
Outrigger Maldives Maafushivaru Resort,Alifu Dhaalu,Maafushivaru,Operating
Ozen By Atmosphere At Maadhoo,Kaafu,Maadhoo,Operating
Park Hyatt Maldives Hadahaa,Gaafu Alifu,Hadahaa,Operating
"Patina Maldives, Fari Islands",Kaafu,Fari Veli Huraa,Operating
Pullman Maldives Maamutaa Resort,Gaafu Alifu,Maamutaa,Operating
Raaya by Atmosphere,Raa,Kudakurathu,Operating
Radisson Blu Resort Maldives,Alifu Dhaalu,Huruelhi,Operating
Rah Gili Maldives,Kaafu,Mahaana elhi Huraa,Operating
Rahaa Resort,Laamu,Kudafares and Fares,Operating
Reethi Faru Resort,Raa,Filaidhoo,Operating
Riu Atoll and Riu Palace Maldivas,Dhaalu,Maafushi and Kedhigandu,Operating
Robinson Maldives,Gaafu Alifu,Funamauddaa,Operating
Robinson Noonu,Noonu,Orivaru,Operating
Royal Island Resort and Spa,Baa,Horubadhoo,Operating
Saii Lagoon Maldives,Kaafu,Eh'mafushi,Operating
Sandies Bathala,Alifu Alifu,Bathala,Operating
Shangri-la Villingili Maldives,Seenu,Villingili,Operating
Sheraton Maldives Full Moon Resort & Spa,Kaafu,Furanafushi,Operating
Sirru Fen Fushi Private Lagoon Resort,Shaviyani,Gaakoshibee,Operating
Six Senses Kanuhura,Lhaviyani,Kanuhuraa,Operating
Six Senses Laamu,Laamu,Olhuveli,Operating
Siyam World Maldives,Noonu,Dhigurah,Operating
SO/ Maldives,Kaafu,"4° 7’ 24.562” N, 73° 28’ 52.015” E",Operating
Soneva Fushi Resort,Baa,Kunfunadhoo,Operating
Soneva Jani,Noonu,Medhufaru,Operating
Soneva Secret,Haa Dhaalu,Dhipparufushi,Operating
South Palm Resort Maldives,Seenu,Ismehelahera Kedevaahera,Not Operating
Summer Island Maldives,Kaafu,Ziyaaraiyfushi,Operating
Sun Siyam Iru Fushi Maldives,Noonu,Medhafushi,Operating
Sun Siyam Iru Veli Maldives,Dhaalu,Aluvifushi,Operating
Sun Siyam Olhuveli Maldives,Kaafu,Olhuveli,Operating
Sun Siyam Vilu Reef Maldives,Dhaalu,Meedhuffushi,Operating
Taj Coral Reef Resort and Spa,Kaafu,Hembadhu,Operating
Taj Exotica Resort & Spa Maldives,Kaafu,Embudhu Finolhu,Operating
The Halcyon Private Isles Maldives Autograph Collection,Gaafu Alifu,Meradhoo,Operating
The Nautilus Maldives,Baa,Thiladhoo,Operating
The Residence Maldives,Gaafu Alifu,Falhumaafushi,Operating
The Residence Maldives At Dhigurah,Gaafu Alifu,Dhigurah,Operating
The Ritz Carlton Maldives Fari Islands,Kaafu,Fari Kandu Huraa,Operating
"The St. Regis Vommuli Resort, Maldives",Dhaalu,Vommuli,Operating
The Standard Huruvalhi Maldives,Raa,Huruvalhi,Operating
The Westin Maldives Miriandhoo Resort,Baa,Miriandhoo,Operating
Thulhagiri Island Resort & Spa,Kaafu,Thulhaagiri,Operating
V Villas Maldives at Mirihi-Mgallery Collection,Alifu Dhaalu,Mirihi,Operating
Vakkaru Maldives,Baa,Vakkaru,Operating
Varu Island Resort,Kaafu,Madivaru,Operating
Velaa Private Island Maldives,Noonu,Fushivelaavaru,Operating
Veligandu Maldives Resort Island,Alifu Alifu,Veligan'du,Operating
Vilamendhoo Island Resort,Alifu Dhaalu,Vilamendhoo,Operating
Villa Nautica Paradise Island,Kaafu,Lankanfinolhu,Operating
Villa Park Sun Island,Alifu Dhaalu,Nalaguraidhoo,Operating
W Maldives,Alifu Alifu,Fesdhoo,Operating
Waldorf Astoria Maldives Ithaafushi,Kaafu,Ithaafushi,Operating
Yash Nature Resort,Dhaalu,Dhoores,Operating
You & Me Maldives,Raa,Uthurumaafaru,Operating
